-1.031309,0.259819,2.5
-1.031309,0.259819,2.5
-1.031285,0.259818,2.5
-1.03112,0.25981,2.5
-1.030725,0.259793,2.5
-1.030111,0.259766,2.5
-1.029289,0.25973,2.5
-1.028269,0.259686,2.5
-1.02706,0.259633,2.5
-1.02567,0.259572,2.5
-1.02411,0.259504,2.5
-1.022385,0.259429,2.5
-1.020506,0.259346,2.5
-1.018478,0.259258,2.5
-1.016309,0.259163,2.5
-1.014006,0.259062,2.5
-1.011574,0.258956,2.5
-1.009021,0.258844,2.5
-1.006352,0.258727,2.5
-1.003572,0.258606,2.5
-1.000687,0.25848,2.5
-0.997701,0.258349,2.5
-0.99462,0.258214,2.5
-0.991448,0.258076,2.5
-0.988189,0.257933,2.5
-0.984847,0.257787,2.5
-0.981427,0.257638,2.5
-0.977932,0.257485,2.5
-0.974366,0.257329,2.5
-0.970732,0.25717,2.5
-0.967033,0.257008,2.5
-0.963272,0.256844,2.5
-0.959453,0.256677,2.5
-0.955578,0.256507,2.5
-0.951649,0.256336,2.5
-0.94767,0.256162,2.5
-0.943643,0.255986,2.5
-0.939569,0.255807,2.5
-0.935452,0.255627,2.5
-0.931293,0.255446,2.5
-0.927094,0.255262,2.5
-0.922857,0.255077,2.5
-0.918584,0.25489,2.5
-0.914277,0.254702,2.5
-0.909937,0.254512,2.5
-0.905566,0.254321,2.5
-0.901165,0.254128,2.5
-0.896737,0.253935,2.5
-0.892281,0.25374,2.5
-0.887799,0.253544,2.5
-0.883293,0.253347,2.5
-0.878764,0.253149,2.5
-0.874212,0.25295,2.5
-0.86964,0.25275,2.5
-0.865047,0.252549,2.5
-0.860436,0.252347,2.5
-0.855806,0.252145,2.5
-0.851158,0.251942,2.5
-0.846494,0.251738,2.5
-0.841815,0.251533,2.5
-0.83712,0.251328,2.5
-0.832411,0.251122,2.5
-0.827689,0.250916,2.5
-0.822953,0.250709,2.5
-0.818205,0.250501,2.5
-0.813446,0.250293,2.5
-0.808675,0.250084,2.5
-0.803893,0.249875,2.5
-0.799102,0.249666,2.5
-0.7943,0.249456,2.5
-0.78949,0.249245,2.5
-0.78467,0.249035,2.5
-0.779843,0.248824,2.5
-0.775007,0.248612,2.5
-0.770164,0.2484,2.5
-0.765313,0.248188,2.5
-0.760456,0.247976,2.5
-0.755592,0.247763,2.5
-0.750722,0.24755,2.5
-0.745846,0.247337,2.5
-0.740964,0.247124,2.5
-0.736077,0.24691,2.5
-0.731184,0.246696,2.5
-0.726287,0.246482,2.5
-0.721385,0.246268,2.5
-0.716479,0.246053,2.5
-0.711569,0.245838,2.5
-0.706654,0.245623,2.5
-0.701736,0.245408,2.5
-0.696814,0.245193,2.5
-0.691888,0.244978,2.5
-0.687429,0.244783,2.5
-0.683819,0.244625,2.5
-0.680895,0.244497,2.5
-0.678527,0.244394,2.5
-0.67661,0.24431,2.5
-0.675057,0.244242,2.5
-0.6738,0.244187,2.5
-0.672781,0.244142,2.5
-0.671957,0.244106,2.5
-0.671289,0.244077,2.5
-0.670748,0.244053,2.5
-0.67031,0.244034,2.5
-0.669956,0.244019,2.5
-0.669669,0.244006,2.5
-0.669436,0.243996,2.5
-0.669248,0.243988,2.5
-0.669095,0.243981,2.5
-0.668972,0.243976,2.5
-0.668872,0.243971,2.5
-0.668791,0.243968,2.5
-0.668725,0.243965,2.5
-0.668672,0.243963,2.5
-0.668629,0.243961,2.5
-0.668594,0.243959,2.5
-0.668566,0.243958,2.5
-0.668543,0.243957,2.5
-0.668525,0.243956,2.5
-0.66851,0.243956,2.5
-0.668498,0.243955,2.5
-0.668488,0.243955,2.5
-0.66848,0.243954,2.5
-0.668474,0.243954,2.5
-0.668468,0.243954,2.5
-0.668464,0.243954,2.5
-0.668461,0.243953,2.5
-0.668458,0.243953,2.5
-0.668456,0.243953,2.5
-0.668454,0.243953,2.5
-0.668333,0.243948,2.5
-0.667981,0.243932,2.5
-0.667408,0.243907,2.5
-0.666625,0.243873,2.5
-0.665642,0.24383,2.5
-0.664467,0.243779,2.5
-0.663112,0.24372,2.5
-0.661583,0.243653,2.5
-0.659889,0.243579,2.5
-0.658038,0.243498,2.5
-0.656038,0.24341,2.5
-0.653895,0.243317,2.5
-0.651617,0.243217,2.5
-0.649209,0.243112,2.5
-0.646678,0.243001,2.5
-0.644031,0.242885,2.5
-0.641271,0.242765,2.5
-0.638406,0.242639,2.5
-0.635439,0.24251,2.5
-0.632375,0.242376,2.5
-0.62922,0.242238,2.5
-0.625977,0.242096,2.5
-0.622651,0.24195,2.5
-0.619246,0.241802,2.5
-0.615765,0.241649,2.5
-0.612212,0.241494,2.5
-0.60859,0.241336,2.5
-0.604903,0.241174,2.5
-0.601154,0.241011,2.5
-0.597345,0.240844,2.5
-0.593481,0.240675,2.5
-0.589562,0.240504,2.5
-0.585592,0.24033,2.5
-0.581574,0.240154,2.5
-0.577509,0.239977,2.5
-0.573399,0.239797,2.5
-0.569248,0.239615,2.5
-0.565057,0.239432,2.5
-0.560827,0.239247,2.5
-0.556561,0.239061,2.5
-0.55226,0.238873,2.5
-0.547926,0.238683,2.5
-0.543561,0.238492,2.5
-0.539166,0.2383,2.5
-0.534742,0.238107,2.5
-0.530291,0.237912,2.5
-0.525815,0.237716,2.5
-0.521313,0.23752,2.5
-0.516788,0.237322,2.5
-0.512241,0.237123,2.5
-0.507672,0.236923,2.5
-0.503083,0.236722,2.5
-0.498475,0.236521,2.5
-0.493849,0.236319,2.5
-0.489205,0.236116,2.5
-0.484544,0.235912,2.5
-0.479867,0.235707,2.5
-0.475175,0.235502,2.5
-0.470469,0.235296,2.5
-0.465749,0.23509,2.5
-0.461016,0.234883,2.5
-0.45627,0.234676,2.5
-0.451513,0.234468,2.5
-0.446744,0.234259,2.5
-0.441964,0.23405,2.5
-0.437175,0.233841,2.5
-0.432836,0.233651,2.5
-0.429322,0.233497,2.5
-0.426477,0.233373,2.5
-0.424173,0.233272,2.5
-0.422307,0.233191,2.5
-0.420796,0.233125,2.5
-0.419573,0.233071,2.5
-0.418582,0.233028,2.5
-0.417779,0.232993,2.5
-0.417129,0.232964,2.5
-0.416603,0.232941,2.5
-0.416177,0.232923,2.5
-0.415832,0.232907,2.5
-0.415553,0.232895,2.5
-0.415326,0.232885,2.5
-0.415143,0.232877,2.5
-0.414995,0.232871,2.5
-0.414875,0.232866,2.5
-0.414777,0.232861,2.5
-0.414698,0.232858,2.5
-0.414635,0.232855,2.5
-0.414583,0.232853,2.5
-0.414541,0.232851,2.5
-0.414507,0.23285,2.5
-0.41448,0.232848,2.5
-0.414458,0.232847,2.5
-0.41444,0.232847,2.5
-0.414425,0.232846,2.5
-0.414413,0.232845,2.5
-0.414404,0.232845,2.5
-0.414396,0.232845,2.5
-0.41439,0.232844,2.5
-0.414385,0.232844,2.5
-0.41438,0.232844,2.5
-0.414377,0.232844,2.5
-0.414374,0.232844,2.5
-0.414372,0.232844,2.5
-0.41437,0.232844,2.5
-0.414369,0.232844,2.5
-0.414368,0.232843,2.5
-0.414367,0.232843,2.5
-0.414366,0.232843,2.5
-0.414365,0.232843,2.5
-0.414246,0.232838,2.5
-0.413895,0.232823,2.5
-0.413323,0.232798,2.5
-0.412541,0.232764,2.5
-0.411558,0.23272,2.5
-0.410385,0.232668,2.5
-0.40903,0.232608,2.5
-0.407502,0.232538,2.5
-0.405809,0.232459,2.5
-0.403959,0.232371,2.5
-0.40196,0.232273,2.5
-0.399819,0.232163,2.5
-0.397542,0.232042,2.5
-0.395137,0.231909,2.5
-0.392609,0.231763,2.5
-0.389964,0.231603,2.5
-0.387208,0.23143,2.5
-0.384346,0.231242,2.5
-0.381383,0.23104,2.5
-0.378325,0.230822,2.5
-0.375176,0.230591,2.5
-0.37194,0.230345,2.5
-0.368621,0.230087,2.5
-0.365223,0.229818,2.5
-0.36175,0.229537,2.5
-0.358206,0.229248,2.5
-0.354594,0.22895,2.5
-0.350916,0.228645,2.5
-0.347176,0.228335,2.5
-0.343378,0.22802,2.5
-0.339523,0.227701,2.5
-0.335614,0.227377,2.5
-0.331654,0.227049,2.5
-0.327646,0.226717,2.5
-0.323591,0.22638,2.5
-0.319492,0.226041,2.5
-0.315351,0.225698,2.5
-0.31117,0.225351,2.5
-0.306951,0.225001,2.5
-0.302696,0.224649,2.5
-0.298406,0.224293,2.5
-0.294083,0.223935,2.5
-0.289729,0.223574,2.5
-0.285344,0.223211,2.5
-0.280932,0.222845,2.5
-0.276492,0.222477,2.5
-0.272026,0.222107,2.5
-0.267536,0.221735,2.5
-0.263022,0.221361,2.5
-0.258486,0.220985,2.5
-0.253929,0.220607,2.5
-0.249352,0.220228,2.5
-0.244755,0.219847,2.5
-0.24014,0.219464,2.5
-0.235507,0.21908,2.5
-0.230858,0.218695,2.5
-0.226193,0.218308,2.5
-0.221513,0.21792,2.5
-0.216818,0.217531,2.5
-0.21211,0.217141,2.5
-0.207388,0.21675,2.5
-0.202655,0.216357,2.5
-0.197909,0.215964,2.5
-0.193152,0.21557,2.5
-0.188384,0.215175,2.5
-0.183606,0.214779,2.5
-0.178819,0.214382,2.5
-0.174022,0.213984,2.5
-0.169216,0.213586,2.5
-0.164402,0.213187,2.5
-0.159579,0.212787,2.5
-0.15475,0.212387,2.5
-0.149912,0.211986,2.5
-0.145068,0.211585,2.5
-0.140218,0.211183,2.5
-0.135361,0.21078,2.5
-0.130498,0.210377,2.5
-0.125629,0.209974,2.5
-0.120755,0.20957,2.5
-0.115876,0.209165,2.5
-0.110991,0.208761,2.5
-0.106103,0.208355,2.5
-0.101209,0.20795,2.5
-0.096312,0.207544,2.5
-0.09141,0.207138,2.5
-0.086504,0.206731,2.5
-0.081595,0.206324,2.5
-0.076682,0.205917,2.5
-0.071766,0.20551,2.5
-0.066847,0.205102,2.5
-0.061925,0.204694,2.5
-0.057,0.204286,2.5
-0.052072,0.203877,2.5
-0.047141,0.203469,2.5
-0.042208,0.20306,2.5
-0.037273,0.202651,2.5
-0.032335,0.202242,2.5
-0.027395,0.201832,2.5
-0.022454,0.201423,2.5
-0.01751,0.201013,2.5
-0.012564,0.200603,2.5
-0.007617,0.200193,2.5
-0.002668,0.199783,2.5
0.002283,0.199373,2.5
0.007235,0.198962,2.5
0.012189,0.198552,2.5
0.017144,0.198141,2.5
0.022101,0.19773,2.5
0.027058,0.197319,2.5
0.032017,0.196908,2.5
0.036977,0.196497,2.5
0.041938,0.196086,2.5
0.046901,0.195675,2.5
0.051864,0.195263,2.5
0.056828,0.194852,2.5
0.061793,0.19444,2.5
0.066759,0.194029,2.5
0.071725,0.193617,2.5
0.076693,0.193206,2.5
0.081661,0.192794,2.5
0.08663,0.192382,2.5
0.091599,0.19197,2.5
0.096569,0.191558,2.5
0.10154,0.191146,2.5
0.106511,0.190734,2.5
0.111483,0.190322,2.5
0.116456,0.18991,2.5
0.121429,0.189498,2.5
0.126402,0.189086,2.5
0.131376,0.188673,2.5
0.13635,0.188261,2.5
0.141325,0.187849,2.5
0.1463,0.187437,2.5
0.151275,0.187024,2.5
0.156251,0.186612,2.5
0.161227,0.186199,2.5
0.166204,0.185787,2.5
0.171181,0.185375,2.5
0.176158,0.184962,2.5
0.181135,0.18455,2.5
0.186113,0.184137,2.5
0.19109,0.183724,2.5
0.196069,0.183312,2.5
0.201047,0.182899,2.5
0.206025,0.182487,2.5
0.211004,0.182074,2.5
0.215983,0.181661,2.5
0.220962,0.181249,2.5
0.225942,0.180836,2.5
0.230921,0.180423,2.5
0.235901,0.180011,2.5
0.240881,0.179598,2.5
0.24586,0.179185,2.5
0.250841,0.178772,2.5
0.255821,0.17836,2.5
0.260801,0.177947,2.5
0.265782,0.177534,2.5
0.270762,0.177121,2.5
0.275743,0.176709,2.5
0.280724,0.176296,2.5
0.285705,0.175883,2.5
0.290686,0.17547,2.5
0.295667,0.175057,2.5
0.300648,0.174644,2.5
0.305629,0.174232,2.5
0.310611,0.173819,2.5
0.315592,0.173406,2.5
0.320573,0.172993,2.5
0.325555,0.17258,2.5
0.330537,0.172167,2.5
0.335518,0.171754,2.5
0.3405,0.171342,2.5
0.345482,0.170929,2.5
0.350464,0.170516,2.5
0.355446,0.170103,2.5
0.360428,0.16969,2.5
0.36541,0.169277,2.5
0.370392,0.168864,2.5
0.375374,0.168451,2.5
0.380356,0.168038,2.5
0.385338,0.167625,2.5
0.39032,0.167213,2.5
0.395302,0.1668,2.5
0.400285,0.166387,2.5
0.405267,0.165974,2.5
0.410249,0.165561,2.5
0.415232,0.165148,2.5
0.420214,0.164735,2.5
0.425196,0.164322,2.5
0.430179,0.163909,2.5
0.435161,0.163496,2.5
0.440144,0.163083,2.5
0.445126,0.16267,2.5
0.450109,0.162257,2.5
0.455091,0.161844,2.5
0.460074,0.161431,2.5
0.465056,0.161019,2.5
0.470039,0.160606,2.5
0.475022,0.160193,2.5
0.480004,0.15978,2.5
0.484987,0.15937,2.5
0.48997,0.158965,2.5
0.494954,0.158567,2.5
0.499939,0.158178,2.5
0.504925,0.157802,2.5
0.509911,0.157441,2.5
0.514899,0.157096,2.5
0.519888,0.156772,2.5
0.524879,0.15647,2.5
0.529871,0.156192,2.5
0.534864,0.155937,2.5
0.539859,0.155707,2.5
0.544855,0.1555,2.5
0.549851,0.155317,2.5
0.554848,0.155157,2.5
0.559846,0.155021,2.5
0.564845,0.154909,2.5
0.569844,0.154821,2.5
0.574844,0.154756,2.5
0.579843,0.154716,2.5
0.584843,0.154698,2.5
0.589843,0.154705,2.5
0.594843,0.154736,2.5
0.599842,0.15479,2.5
0.604842,0.154868,2.5
0.609841,0.15497,2.5
0.614839,0.155095,2.5
0.619837,0.155245,2.5
0.624834,0.155417,2.5
0.62983,0.155614,2.5
0.634825,0.155835,2.5
0.639819,0.156079,2.5
0.644811,0.156347,2.5
0.649803,0.156639,2.5
0.654793,0.156953,2.5
0.659782,0.157287,2.5
0.664769,0.157638,2.5
0.669756,0.158004,2.5
0.674741,0.158382,2.5
0.679726,0.15877,2.5
0.684711,0.159165,2.5
0.689695,0.159565,2.5
0.694678,0.159967,2.5
0.699662,0.16037,2.5
0.704646,0.160773,2.5
0.709629,0.161175,2.5
0.714613,0.161578,2.5
0.719597,0.161981,2.5
0.724107,0.162345,2.5
0.727759,0.16264,2.5
0.730716,0.162879,2.5
0.733111,0.163073,2.5
0.73505,0.16323,2.5
0.736621,0.163357,2.5
0.737893,0.163459,2.5
0.738923,0.163543,2.5
0.739757,0.16361,2.5
0.740432,0.163665,2.5
0.740979,0.163709,2.5
0.741422,0.163745,2.5
0.741781,0.163774,2.5
0.742071,0.163797,2.5
0.742306,0.163816,2.5
0.742497,0.163831,2.5
0.742651,0.163844,2.5
0.742776,0.163854,2.5
0.742877,0.163862,2.5
0.742959,0.163869,2.5
0.743025,0.163874,2.5
0.743079,0.163878,2.5
0.743122,0.163882,2.5
0.743158,0.163885,2.5
0.743186,0.163887,2.5
0.743209,0.163889,2.5
0.743228,0.16389,2.5
0.743243,0.163892,2.5
0.743255,0.163893,2.5
0.743265,0.163894,2.5
0.743273,0.163894,2.5
0.74328,0.163895,2.5
0.743285,0.163895,2.5
0.743289,0.163895,2.5
0.743293,0.163896,2.5
0.743296,0.163896,2.5
0.743298,0.163896,2.5
0.7433,0.163896,2.5
0.743301,0.163896,2.5
0.743302,0.163897,2.5
0.743303,0.163897,2.5
0.743304,0.163897,2.5
0.743305,0.163897,2.5
0.743306,0.163897,2.5
0.743307,0.163897,2.5
0.743425,0.163906,2.5
0.743775,0.163935,2.5
0.744346,0.163981,2.5
0.745126,0.164044,2.5
0.746106,0.164123,2.5
0.747276,0.164218,2.5
0.748628,0.164327,2.5
0.750153,0.16445,2.5
0.751842,0.164587,2.5
0.753687,0.164736,2.5
0.755682,0.164897,2.5
0.757819,0.16507,2.5
0.760091,0.165253,2.5
0.762493,0.165447,2.5
0.765017,0.165651,2.5
0.767658,0.165865,2.5
0.77041,0.166087,2.5
0.773269,0.166318,2.5
0.776228,0.166557,2.5
0.779284,0.166804,2.5
0.782431,0.167059,2.5
0.785666,0.16732,2.5
0.788984,0.167588,2.5
0.792381,0.167863,2.5
0.795854,0.168143,2.5
0.799398,0.16843,2.5
0.803011,0.168722,2.5
0.806689,0.169019,2.5
0.81043,0.169321,2.5
0.814229,0.169628,2.5
0.818085,0.16994,2.5
0.821994,0.170256,2.5
0.825954,0.170576,2.5
0.829963,0.1709,2.5
0.834019,0.171227,2.5
0.838118,0.171559,2.5
0.84226,0.171893,2.5
0.846441,0.172231,2.5
0.850661,0.172572,2.5
0.854917,0.172916,2.5
0.859208,0.173263,2.5
0.863531,0.173612,2.5
0.867886,0.173964,2.5
0.872271,0.174319,2.5
0.876685,0.174675,2.5
0.881125,0.175034,2.5
0.885592,0.175395,2.5
0.890083,0.175758,2.5
0.894597,0.176123,2.5
0.899134,0.176489,2.5
0.903692,0.176858,2.5
0.90827,0.177228,2.5
0.912867,0.177599,2.5
0.917483,0.177972,2.5
0.922116,0.178347,2.5
0.926766,0.178722,2.5
0.931432,0.179099,2.5
0.936113,0.179478,2.5
0.940809,0.179857,2.5
0.945518,0.180238,2.5
0.95024,0.180619,2.5
0.954975,0.181002,2.5
0.959721,0.181385,2.5
0.964479,0.18177,2.5
0.969247,0.182155,2.5
0.974026,0.182541,2.5
0.978814,0.182928,2.5
0.983612,0.183316,2.5
0.988419,0.183705,2.5
0.993234,0.184094,2.5
0.998057,0.184483,2.5
1.002888,0.184874,2.5
1.007725,0.185265,2.5
1.01257,0.185656,2.5
1.017422,0.186048,2.5
1.02228,0.186441,2.5
1.027143,0.186834,2.5
1.032013,0.187227,2.5
1.036888,0.187621,2.5
1.041768,0.188016,2.5
1.046653,0.18841,2.5
1.051543,0.188806,2.5
1.056437,0.189201,2.5
1.061335,0.189597,2.5
1.066238,0.189993,2.5
1.071144,0.19039,2.5
1.076054,0.190786,2.5
1.080968,0.191184,2.5
1.085885,0.191581,2.5
1.090805,0.191978,2.5
1.095728,0.192376,2.5
1.100654,0.192774,2.5
1.105583,0.193173,2.5
1.110514,0.193571,2.5
1.115448,0.19397,2.5
1.120384,0.194369,2.5
1.125322,0.194768,2.5
1.130263,0.195167,2.5
1.135206,0.195567,2.5
1.14015,0.195966,2.5
1.145097,0.196366,2.5
1.150045,0.196766,2.5
1.154995,0.197166,2.5
1.159947,0.197566,2.5
1.1649,0.197966,2.5
1.169854,0.198366,2.5
1.17481,0.198767,2.5
1.179767,0.199168,2.5
1.184726,0.199568,2.5
1.189686,0.199969,2.5
1.194646,0.20037,2.5
1.199608,0.200771,2.5
1.204571,0.201172,2.5
1.209535,0.201573,2.5
1.2145,0.201974,2.5
1.219466,0.202376,2.5
1.224433,0.202777,2.5
1.2294,0.203178,2.5
1.234368,0.20358,2.5
1.239337,0.203981,2.5
1.244307,0.204383,2.5
1.249277,0.204785,2.5
1.254248,0.205186,2.5
1.25922,0.205588,2.5
1.264192,0.20599,2.5
1.269165,0.206392,2.5
1.274138,0.206794,2.5
1.279112,0.207196,2.5
1.284086,0.207598,2.5
1.289061,0.208,2.5
1.294036,0.208402,2.5
1.299012,0.208804,2.5
1.303987,0.209206,2.5
1.308964,0.209608,2.5
1.31394,0.21001,2.5
1.318917,0.210412,2.5
1.323895,0.210815,2.5
1.328872,0.211217,2.5
1.33385,0.211619,2.5
1.338828,0.212021,2.5
1.343807,0.212424,2.5
1.348786,0.212826,2.5
1.353764,0.213228,2.5
1.358744,0.213631,2.5
1.363723,0.214033,2.5
1.368703,0.214436,2.5
1.373682,0.214838,2.5
1.378662,0.21524,2.5
1.383643,0.215643,2.5
1.388623,0.216045,2.5
1.393603,0.216448,2.5
1.398584,0.21685,2.5
1.403565,0.217253,2.5
1.408546,0.217655,2.5
1.413527,0.218058,2.5
1.418508,0.21846,2.5
1.423489,0.218863,2.5
1.428471,0.219265,2.5
1.433452,0.219668,2.5
1.438434,0.220071,2.5
1.443416,0.220473,2.5
1.448398,0.220876,2.5
1.453379,0.221278,2.5
1.458361,0.221681,2.5
1.463344,0.222084,2.5
1.468326,0.222486,2.5
1.473308,0.222889,2.5
1.47829,0.223291,2.5
1.483273,0.223694,2.5
1.488255,0.224097,2.5
1.493238,0.224499,2.5
1.49822,0.224902,2.5
1.503203,0.225305,2.5
1.508186,0.225707,2.5
1.513168,0.22611,2.5
1.518151,0.226513,2.5
1.523134,0.226915,2.5
1.528117,0.227318,2.5
1.5331,0.227721,2.5
1.538083,0.228123,2.5
1.543066,0.228526,2.5
1.548049,0.228929,2.5
1.553032,0.229331,2.5
1.558015,0.229734,2.5
1.562998,0.230137,2.5
1.567981,0.230539,2.5
1.572964,0.230942,2.5
1.577948,0.231345,2.5
1.582931,0.231748,2.5
1.587914,0.23215,2.5
1.592897,0.232553,2.5
1.597881,0.232956,2.5
1.602864,0.233358,2.5
1.607847,0.233761,2.5
1.612831,0.234164,2.5
1.617814,0.234566,2.5
1.622798,0.234969,2.5
1.627781,0.235372,2.5
1.632764,0.235775,2.5
1.637748,0.236177,2.5
1.642731,0.23658,2.5
1.647715,0.236983,2.5
1.652698,0.237386,2.5
1.657682,0.237788,2.5
1.662665,0.238191,2.5
1.667649,0.238594,2.5
1.672632,0.238996,2.5
1.677616,0.239399,2.5
1.6826,0.239802,2.5
1.687583,0.240205,2.5
1.692567,0.240607,2.5
1.69755,0.24101,2.5
1.702534,0.241413,2.5
1.707518,0.241815,2.5
1.712501,0.242218,2.5
1.717485,0.242621,2.5
1.722468,0.243024,2.5
1.727452,0.243426,2.5
1.732436,0.243829,2.5
1.737419,0.244232,2.5
1.742403,0.244635,2.5
1.747387,0.245037,2.5
1.75237,0.24544,2.5
1.757354,0.245843,2.5
1.762338,0.246246,2.5
1.767321,0.246648,2.5
1.772305,0.247051,2.5
1.777289,0.247454,2.5
1.782272,0.247856,2.5
1.787256,0.248259,2.5
1.79224,0.248662,2.5
1.797223,0.249065,2.5
1.802207,0.249467,2.5
1.807191,0.24987,2.5
1.812174,0.250273,2.5
1.817158,0.250676,2.5
1.822142,0.251078,2.5
1.827126,0.251481,2.5
1.832109,0.251884,2.5
1.837093,0.252287,2.5
1.842077,0.252689,2.5
1.84706,0.253092,2.5
1.852044,0.253495,2.5
1.857028,0.253898,2.5
1.862012,0.2543,2.5
1.866995,0.254703,2.5
1.871979,0.255106,2.5
1.876963,0.255508,2.5
1.881946,0.255911,2.5
1.88693,0.256314,2.5
1.891914,0.256717,2.5
1.896898,0.257119,2.5
1.901881,0.257522,2.5
1.906865,0.257925,2.5
1.911849,0.258328,1.75
1.916833,0.25873,1.75
1.921816,0.259133,1.75
1.9268,0.259536,1.75
1.931784,0.259939,1.75
1.936767,0.260341,1.75
1.941751,0.260744,1.75
1.946735,0.261147,1.75
1.951719,0.26155,1.75
1.956702,0.261952,1.75
1.961686,0.262355,1.75
1.96667,0.262758,1.75
1.971654,0.263161,1.75
1.976637,0.263566,1.75
1.98162,0.263977,1.75
1.986603,0.264395,1.75
1.991584,0.264822,1.75
1.996565,0.265261,1.75
2.001544,0.265716,1.75
2.006522,0.266187,1.75
2.011498,0.266678,1.75
2.016471,0.267192,1.75
2.021442,0.267729,1.75
2.026411,0.26829,1.75
2.031377,0.268874,1.75
2.03634,0.269482,1.75
2.041299,0.270114,1.75
2.046256,0.270769,1.75
2.05121,0.271448,1.75
2.05616,0.27215,1.75
2.061107,0.272876,1.75
2.066051,0.273625,1.75
2.070991,0.274398,1.75
2.075927,0.275194,1.75
2.080859,0.276014,1.75
2.085788,0.276857,1.75
2.090712,0.277724,1.75
2.095632,0.278613,1.75
2.100548,0.279527,1.75
2.10546,0.280463,1.75
2.110367,0.281423,1.75
2.115269,0.282406,1.75
2.120167,0.283413,1.75
2.12506,0.284443,1.75
2.129947,0.285496,1.75
2.13483,0.286572,1.75
2.139708,0.287671,1.75
2.14458,0.288794,1.75
2.149447,0.28994,1.75
2.154309,0.291108,1.75
2.159164,0.2923,1.75
2.164015,0.293515,1.75
2.168859,0.294753,1.75
2.173697,0.296014,1.75
2.17853,0.297298,1.75
2.183356,0.298605,1.75
2.188176,0.299935,1.75
2.192989,0.301287,1.75
2.197796,0.302663,1.75
2.202597,0.304061,1.75
2.207391,0.305482,1.75
2.212178,0.306926,1.75
2.216958,0.308393,1.75
2.221731,0.309882,1.75
2.226497,0.311394,1.75
2.231255,0.312928,1.75
2.236007,0.314486,1.75
2.240751,0.316065,1.75
2.245487,0.317668,1.75
2.250216,0.319292,1.75
2.254936,0.32094,1.75
2.259649,0.322609,1.75
2.264354,0.324301,1.75
2.269051,0.326015,1.75
2.27374,0.327752,1.75
2.27842,0.329511,1.75
2.283092,0.331292,1.75
2.287756,0.333095,1.75
2.292411,0.334921,1.75
2.297057,0.336768,1.75
2.301694,0.338638,1.75
2.306323,0.340529,1.75
2.310942,0.342443,1.75
2.315552,0.344378,1.75
2.320153,0.346336,1.75
2.324745,0.348315,1.75
2.329327,0.350316,1.75
2.3339,0.352338,1.75
2.338462,0.354383,1.75
2.343016,0.356449,1.75
2.347559,0.358537,1.75
2.352092,0.360646,1.75
2.356615,0.362777,1.75
2.361129,0.364929,1.75
2.365631,0.367103,1.75
2.370124,0.369297,1.75
2.374606,0.371514,1.75
2.379077,0.373751,1.75
2.383538,0.37601,1.75
2.387988,0.37829,1.75
2.392427,0.380591,1.75
2.396855,0.382913,1.75
2.401272,0.385257,1.75
2.405678,0.38762,1.75
2.410072,0.390006,1.75
2.414455,0.392411,1.75
2.418827,0.394838,1.75
2.423187,0.397285,1.75
2.427535,0.399754,1.75
2.431872,0.402242,1.75
2.436197,0.404752,1.75
2.44051,0.407281,1.75
2.44481,0.409832,1.75
2.449099,0.412402,1.75
2.453375,0.414994,1.75
2.457639,0.417605,1.75
2.46189,0.420236,1.75
2.466129,0.422888,1.75
2.470355,0.42556,1.75
2.474569,0.428252,1.75
2.47877,0.430964,1.75
2.482958,0.433695,1.75
2.487132,0.436447,1.75
2.491294,0.439218,1.75
2.495442,0.44201,1.75
2.499577,0.44482,1.75
2.503699,0.447651,1.75
2.507807,0.450501,1.75
2.511902,0.453371,1.75
2.515983,0.456259,1.75
2.52005,0.459168,1.75
2.524103,0.462095,1.75
2.528142,0.465042,1.75
2.532168,0.468008,1.75
2.536179,0.470993,1.75
2.540176,0.473997,1.75
2.544158,0.47702,1.75
2.548127,0.480062,1.75
2.55208,0.483123,1.75
2.55602,0.486202,1.75
2.559944,0.489301,1.75
2.563854,0.492417,1.75
2.567748,0.495553,1.75
2.571628,0.498707,1.75
2.575493,0.501879,1.75
2.579343,0.505069,1.75
2.583177,0.508278,1.75
2.586997,0.511505,1.75
2.590801,0.51475,1.75
2.594589,0.518013,1.75
2.598362,0.521294,1.75
2.602119,0.524593,1.75
2.605861,0.52791,1.75
2.609587,0.531244,1.75
2.613296,0.534597,1.75
2.61699,0.537966,1.75
2.620668,0.541354,1.75
2.62433,0.544758,1.75
2.627975,0.54818,1.75
2.631604,0.55162,1.75
2.635217,0.555076,1.75
2.638814,0.55855,1.75
2.642393,0.562041,1.75
2.645957,0.565548,1.75
2.649503,0.569073,1.75
2.653033,0.572614,1.75
2.656545,0.576172,1.75
2.660041,0.579747,1.75
2.66352,0.583338,1.75
2.666982,0.586946,1.75
2.670426,0.59057,1.75
2.673854,0.594211,1.75
2.677264,0.597868,1.75
2.680656,0.601541,1.75
2.684031,0.60523,1.75
2.687389,0.608935,1.75
2.690729,0.612656,1.75
2.694051,0.616392,1.75
2.697355,0.620145,1.75
2.700642,0.623913,1.75
2.70391,0.627697,1.75
2.707161,0.631496,1.75
2.710393,0.635311,1.75
2.713608,0.63914,1.75
2.716804,0.642986,1.75
2.719982,0.646846,1.75
2.723141,0.650721,1.75
2.726282,0.654611,1.75
2.729404,0.658517,1.75
2.732508,0.662437,1.75
2.735593,0.666371,1.75
2.73866,0.67032,1.75
2.741707,0.674284,1.75
2.744736,0.678263,1.75
2.747746,0.682255,1.75
2.750737,0.686262,1.75
2.753709,0.690283,1.75
2.756661,0.694318,2
2.759595,0.698367,2
2.762509,0.70243,2
2.765404,0.706507,2
2.768279,0.710597,2
2.771135,0.714702,2
2.773972,0.718819,2
2.776788,0.72295,2
2.779586,0.727094,2
2.782363,0.731252,2
2.785121,0.735423,2
2.787858,0.739607,2
2.790576,0.743803,2
2.793274,0.748013,2
2.795952,0.752235,2
2.79861,0.756471,2
2.801248,0.760718,2
2.803865,0.764978,2
2.806463,0.769251,2
2.809039,0.773536,2
2.811596,0.777833,2
2.814132,0.782142,2
2.816647,0.786463,2
2.819142,0.790796,2
2.821617,0.795141,2
2.82407,0.799497,2
2.826503,0.803865,2
2.828915,0.808245,2
2.831307,0.812636,2
2.833677,0.817038,2
2.836027,0.821452,2
2.838355,0.825877,2
2.840663,0.830312,2
2.842949,0.834759,2
2.845215,0.839216,2
2.847459,0.843685,2
2.849681,0.848163,2
2.851883,0.852653,2
2.854063,0.857152,2
2.856222,0.861662,2
2.858359,0.866182,2
2.860475,0.870713,2
2.862569,0.875253,2
2.864641,0.879803,2
2.866693,0.884363,2
2.868722,0.888933,2
2.87073,0.893512,2
2.872715,0.898101,2
2.874679,0.902699,2
2.876621,0.907306,2
2.878542,0.911923,2
2.88044,0.916549,2
2.882316,0.921183,2
2.88417,0.925827,2
2.886002,0.930479,2
2.887812,0.93514,2
2.8896,0.939809,2
2.891366,0.944487,2
2.893109,0.949173,2
2.89483,0.953868,2
2.896529,0.95857,2
2.898205,0.963281,2
2.899859,0.967999,2
2.901491,0.972726,2
2.9031,0.97746,2
2.904686,0.982201,2
2.906251,0.98695,2
2.907792,0.991707,2
2.909311,0.996471,2
2.910807,1.001242,2
2.912281,1.006019,2
2.913731,1.010804,2
2.91516,1.015596,2
2.916565,1.020395,2
2.917947,1.0252,2
2.919307,1.030011,2
2.920644,1.034829,2
2.921957,1.039653,2
2.923248,1.044484,2
2.924516,1.049321,2
2.925761,1.054163,2
2.926983,1.059011,2
2.928182,1.063866,2
2.929358,1.068725,2
2.930511,1.073591,2
2.93164,1.078461,2
2.932747,1.083337,2
2.93383,1.088219,2
2.93489,1.093105,2
2.935926,1.097996,2
2.93694,1.102892,2
2.93793,1.107793,2
2.938898,1.112699,2
2.939847,1.117608,2
2.940779,1.12252,2
2.941696,1.127436,2
2.942601,1.132353,2
2.943497,1.137272,2
2.944385,1.142193,2
2.945269,1.147114,2
2.94615,1.152036,2
2.947031,1.156957,2
2.947912,1.161879,2
2.948793,1.166801,2
2.949673,1.171723,2
2.950554,1.176645,2
2.951435,1.181566,2
2.952316,1.186488,2
2.953197,1.19141,2
2.954078,1.196332,2
2.954959,1.201254,2
2.95584,1.206175,2
2.95672,1.211097,2
2.957601,1.216019,2
2.958482,1.220941,2
2.959363,1.225863,2
2.960244,1.230784,2
2.961125,1.235706,2
2.962006,1.240628,2
2.962886,1.24555,2
2.963767,1.250471,2
2.964648,1.255393,2
2.965529,1.260315,2
2.96641,1.265237,2
2.967291,1.270159,2
2.968172,1.27508,2
2.969053,1.280002,2
2.969933,1.284924,2
2.970814,1.289846,2
2.971695,1.294768,2
2.972576,1.299689,2
2.973457,1.304611,2
2.974338,1.309533,2
2.975219,1.314455,2
2.9761,1.319377,2
2.97698,1.324298,2
2.977861,1.32922,2
2.978742,1.334142,2
2.979623,1.339064,2
2.980504,1.343986,2
2.981385,1.348907,2
2.982266,1.353829,2
2.983146,1.358751,2
2.984027,1.363673,2
2.984908,1.368595,2
2.985789,1.373516,2
2.98667,1.378438,2
2.987551,1.38336,2
2.988432,1.388282,2
2.989313,1.393204,2
2.990193,1.398125,2
2.991074,1.403047,2
2.991955,1.407969,2
2.992836,1.412891,2
2.993717,1.417813,2
2.994598,1.422734,2
2.995479,1.427656,2
2.996359,1.432578,2
2.99724,1.4375,2
2.998121,1.442422,2
2.999002,1.447343,2
2.999883,1.452265,2
3.000764,1.457187,2
3.001645,1.462109,2
3.002526,1.46703,2
3.003406,1.471952,2
3.004287,1.476874,2
3.005168,1.481796,2
3.006046,1.486718,2
3.006919,1.491641,2
3.007785,1.496566,2
3.008642,1.501492,2
3.009486,1.50642,2
3.010316,1.511351,2
3.011129,1.516284,2
3.011923,1.521221,2
3.012694,1.526161,2
3.013441,1.531105,2
3.014165,1.536052,2
3.014866,1.541003,2
3.015543,1.545957,2
3.016196,1.550914,2
3.016826,1.555874,2
3.017432,1.560837,2
3.018015,1.565803,2
3.018574,1.570772,2
3.01911,1.575743,2
3.019622,1.580717,2
3.02011,1.585693,2
3.020575,1.590671,2
3.021016,1.595652,2
3.021433,1.600634,2
3.021827,1.605619,2
3.022196,1.610605,2
3.022543,1.615593,2
3.022865,1.620582,2
3.023164,1.625573,2
3.023439,1.630566,2
3.023691,1.63556,2
3.023918,1.640554,2
3.024122,1.64555,2
3.024302,1.650547,2
3.024459,1.655545,2
3.024591,1.660543,2
3.024701,1.665542,2
3.024786,1.670541,2
3.024847,1.67554,2
3.024885,1.68054,2
3.024899,1.68554,2
3.024889,1.69054,2
3.024856,1.69554,2
3.024798,1.70054,2
3.024717,1.705539,2
3.024612,1.710538,2
3.024484,1.715536,2
3.024331,1.720534,2
3.024155,1.725531,2
3.023955,1.730527,2
3.023732,1.735522,2
3.023485,1.740516,2
3.023214,1.745508,2
3.022919,1.7505,2
3.022601,1.75549,2
3.022258,1.760478,2
3.021893,1.765465,2
3.021503,1.770449,2
3.02109,1.775432,2
3.020653,1.780413,2
3.020193,1.785392,2
3.019708,1.790368,2
3.019201,1.795342,2
3.018669,1.800314,2
3.018115,1.805283,2
3.017536,1.81025,2
3.016934,1.815213,2
3.016308,1.820174,2
3.015659,1.825132,2
3.014985,1.830086,2
3.014289,1.835037,2
3.013569,1.839985,2
3.012826,1.84493,2
3.012059,1.84987,2
3.011269,1.854808,2
3.010454,1.859741,2
3.009617,1.86467,2
3.008757,1.869596,2
3.007873,1.874517,2
3.006965,1.879434,2
3.006034,1.884346,2
3.00508,1.889255,2
3.004103,1.894158,2
3.003102,1.899057,2
3.002078,1.903951,2
3.001031,1.90884,2
2.999961,1.913724,2
2.998867,1.918603,2
2.99775,1.923477,2
2.99661,1.928345,2
2.995447,1.933208,2
2.994261,1.938065,2
2.993052,1.942917,2
2.99182,1.947762,2
2.990564,1.952602,2
2.989286,1.957436,2
2.987985,1.962264,2
2.986661,1.967085,2
2.985314,1.971901,2
2.983944,1.976709,2
2.982552,1.981511,2
2.981136,1.986307,2
2.979698,1.991096,2
2.978237,1.995877,2
2.976753,2.000652,2
2.975247,2.00542,2
2.973718,2.01018,2
2.972166,2.014933,2
2.970592,2.019679,2
2.968995,2.024417,2
2.967376,2.029148,2
2.965734,2.033871,2
2.964071,2.038586,2
2.962384,2.043293,2
2.960675,2.047992,2
2.958944,2.052682,2
2.957191,2.057365,2
2.955415,2.062039,2
2.953618,2.066705,2
2.951798,2.071362,2
2.949956,2.07601,2
2.948092,2.08065,2
2.946206,2.08528,2
2.944297,2.089902,2
2.942368,2.094514,2
2.940415,2.099118,2
2.938442,2.103712,2
2.936446,2.108296,2
2.934429,2.112871,2
2.93239,2.117436,2
2.930329,2.121992,2
2.928247,2.126538,2
2.926143,2.131074,2
2.924018,2.135599,2
2.921871,2.140115,2
2.919702,2.14462,2
2.917513,2.149115,2
2.915302,2.1536,2
2.91307,2.158074,2
2.910816,2.162537,2
2.908541,2.16699,2
2.906245,2.171432,2
2.903929,2.175862,2
2.901591,2.180282,2
2.899232,2.184691,2
2.896852,2.189088,2
2.894451,2.193474,2
2.89203,2.197848,2
2.889588,2.202212,2
2.887124,2.206563,2
2.884641,2.210902,2
2.882137,2.21523,2
2.879612,2.219546,2
2.877067,2.223849,2
2.874501,2.228141,2
2.871915,2.23242,2
2.869309,2.236687,2
2.866682,2.240942,2
2.864036,2.245184,2
2.861369,2.249413,2
2.858682,2.25363,1.75
2.855975,2.257834,1.75
2.853248,2.262025,1.75
2.850501,2.266203,1.75
2.847735,2.270368,1.75
2.844949,2.274519,1.75
2.842143,2.278658,1.75
2.839317,2.282783,1.75
2.836472,2.286895,1.75
2.833607,2.290992,1.75
2.830723,2.295077,1.75
2.827819,2.299147,1.75
2.824897,2.303204,1.75
2.821955,2.307247,1.75
2.818994,2.311276,1.75
2.816013,2.31529,1.75
2.813014,2.319291,1.75
2.809995,2.323277,1.75
2.806958,2.327249,1.75
2.803902,2.331206,1.75
2.800827,2.335149,1.75
2.797734,2.339077,1.75
2.794622,2.34299,1.75
2.791491,2.346889,1.75
2.788342,2.350773,1.75
2.785174,2.354641,1.75
2.781988,2.358495,1.75
2.778784,2.362333,1.75
2.775562,2.366156,1.75
2.772321,2.369964,1.75
2.769062,2.373756,1.75
2.765786,2.377533,1.75
2.762491,2.381294,1.75
2.759179,2.385039,1.75
2.755849,2.388769,1.75
2.752501,2.392483,1.75
2.749136,2.396181,1.75
2.745753,2.399863,1.75
2.742352,2.403528,1.75
2.738935,2.407178,1.75
2.7355,2.410811,1.75
2.732047,2.414428,1.75
2.728578,2.418028,1.75
2.725091,2.421612,1.75
2.721588,2.42518,1.75
2.718067,2.42873,1.75
2.71453,2.432264,1.75
2.710976,2.435781,1.75
2.707406,2.439281,1.75
2.703819,2.442764,1.75
2.700215,2.44623,1.75
2.696595,2.449679,1.75
2.692958,2.453111,1.75
2.689305,2.456525,1.75
2.685637,2.459922,1.75
2.681951,2.463301,1.75
2.678251,2.466663,1.75
2.674533,2.470007,1.75
2.670801,2.473334,1.75
2.667052,2.476643,1.75
2.663288,2.479934,1.75
2.659508,2.483207,1.75
2.655713,2.486462,1.75
2.651902,2.489699,1.75
2.648076,2.492918,1.75
2.644234,2.496118,1.75
2.640378,2.499301,1.75
2.636506,2.502464,1.75
2.63262,2.50561,1.75
2.628718,2.508737,1.75
2.624802,2.511846,1.75
2.620871,2.514935,1.75
2.616925,2.518007,1.75
2.612965,2.521059,1.75
2.60899,2.524092,1.75
2.605001,2.527107,1.75
2.600998,2.530103,1.75
2.59698,2.533079,1.75
2.592949,2.536036,1.75
2.588903,2.538974,1.75
2.584844,2.541894,1.75
2.58077,2.544793,1.75
2.576683,2.547674,1.75
2.572583,2.550534,1.75
2.568469,2.553376,1.75
2.564341,2.556197,1.75
2.5602,2.558999,1.75
2.556045,2.561782,1.75
2.551878,2.564544,1.75
2.547697,2.567287,1.75
2.543504,2.57001,1.75
2.539297,2.572713,1.75
2.535078,2.575396,1.75
2.530846,2.578058,1.75
2.526602,2.580701,1.75
2.522345,2.583324,1.75
2.518075,2.585926,1.75
2.513793,2.588508,1.75
2.509499,2.59107,1.75
2.505193,2.593611,1.75
2.500875,2.596131,1.75
2.496545,2.598631,1.75
2.492203,2.601111,1.75
2.487849,2.60357,1.75
2.483484,2.606008,1.75
2.479107,2.608425,1.75
2.474719,2.610822,1.75
2.47032,2.613197,1.75
2.465909,2.615552,1.75
2.461487,2.617886,1.75
2.457054,2.620199,1.75
2.45261,2.62249,1.75
2.448155,2.624761,1.75
2.44369,2.62701,1.75
2.439214,2.629238,1.75
2.434727,2.631445,1.75
2.43023,2.63363,1.75
2.425722,2.635794,1.75
2.421205,2.637937,1.75
2.416677,2.640058,1.75
2.412139,2.642158,1.75
2.407591,2.644236,1.75
2.403034,2.646292,1.75
2.398467,2.648327,1.75
2.39389,2.65034,1.75
2.389303,2.652331,1.75
2.384708,2.6543,1.75
2.380102,2.656248,1.75
2.375488,2.658174,1.75
2.370865,2.660077,1.75
2.366232,2.661959,1.75
2.361591,2.663818,1.75
2.356941,2.665656,1.75
2.352282,2.667472,1.75
2.347615,2.669265,1.75
2.342939,2.671036,1.75
2.338255,2.672785,1.75
2.333563,2.674512,1.75
2.328862,2.676216,1.75
2.324153,2.677898,1.75
2.319437,2.679558,1.75
2.314713,2.681195,1.75
2.30998,2.68281,1.75
2.305241,2.684401,1.75
2.300494,2.685971,1.75
2.295739,2.687518,1.75
2.290977,2.689043,1.75
2.286208,2.690545,1.75
2.281432,2.692024,1.75
2.276648,2.69348,1.75
2.271858,2.694914,1.75
2.267062,2.696325,1.75
2.262258,2.697713,1.75
2.257448,2.699078,1.75
2.252632,2.700421,1.75
2.247809,2.70174,1.75
2.24298,2.703037,1.75
2.238145,2.70431,1.75
2.233304,2.705561,1.75
2.228457,2.706789,1.75
2.223604,2.707994,1.75
2.218746,2.709175,1.75
2.213882,2.710334,1.75
2.209013,2.711469,1.75
2.204138,2.712581,1.75
2.199258,2.71367,1.75
2.194373,2.714736,1.75
2.189483,2.715778,1.75
2.184588,2.716798,1.75
2.179688,2.717794,1.75
2.174784,2.718767,1.75
2.169875,2.719716,1.75
2.164961,2.720643,1.75
2.160044,2.721551,1.75
2.155124,2.722442,1.75
2.150202,2.723318,1.75
2.145277,2.724182,1.75
2.140351,2.725037,1.75
2.135423,2.725884,1.75
2.130494,2.726727,1.75
2.125566,2.727567,1.75
2.120637,2.728407,1.75
2.115708,2.729247,1.75
2.110779,2.730087,1.75
2.10585,2.730927,1.75
2.100921,2.731767,1.75
2.095992,2.732606,1.75
2.091063,2.733446,1.75
2.086134,2.734286,1.75
2.081205,2.735126,1.75
2.076276,2.735966,1.75
2.071347,2.736806,1.75
2.066418,2.737646,1.75
2.061489,2.738486,1.75
2.05656,2.739326,1.75
2.051631,2.740165,1.75
2.046702,2.741005,1.75
2.041773,2.741845,1.75
2.036844,2.742685,1.75
2.031915,2.743525,1.75
2.026986,2.744365,1.75
2.022057,2.745205,1.75
2.017129,2.746045,1.75
2.0122,2.746885,1.75
2.007271,2.747724,1.75
2.002342,2.748564,1.75
1.997413,2.749404,1.75
1.992484,2.750244,1.75
1.987555,2.751084,1.75
1.982626,2.751924,1.75
1.977697,2.752764,1.75
1.972768,2.753604,1.75
1.967839,2.754443,1.75
1.96291,2.755283,1.75
1.957981,2.756123,1.75
1.953052,2.756963,1.75
1.948123,2.757803,1.75
1.943194,2.758643,1.75
1.938265,2.759483,1.75
1.933336,2.760322,1.75
1.928407,2.761159,1.75
1.923477,2.761992,1.75
1.918545,2.762817,1.75
1.913612,2.763632,1.75
1.908677,2.764436,1.75
1.90374,2.765225,1.75
1.8988,2.765997,1.75
1.893857,2.766749,1.75
1.88891,2.767479,1.75
1.88396,2.768185,1.75
1.879007,2.768868,1.75
1.874051,2.769527,1.75
1.869091,2.770163,1.75
1.864129,2.770775,1.75
1.859164,2.771364,1.75
1.854196,2.771929,1.75
1.849225,2.77247,1.75
1.844252,2.772988,1.75
1.839277,2.773482,1.75
1.834299,2.773953,1.75
1.829319,2.7744,1.75
1.824337,2.774823,1.75
1.819353,2.775222,1.75
1.814367,2.775598,1.75
1.809379,2.77595,1.75
1.80439,2.776278,1.75
1.799399,2.776583,1.75
1.794407,2.776864,1.75
1.789414,2.777122,1.75
1.784419,2.777355,1.75
1.779424,2.777566,1.75
1.774427,2.777757,1.75
1.769431,2.777931,1.75
1.764433,2.77809,1.75
1.759435,2.778237,1.75
1.754437,2.778374,1.75
1.749439,2.778504,1.75
1.74444,2.778629,1.75
1.739442,2.778752,1.75
1.734443,2.778874,1.75
1.729445,2.778996,1.75
1.724446,2.779119,1.75
1.719448,2.779241,1.75
1.714449,2.779363,1.75
1.709451,2.779485,1.75
1.704452,2.779608,1.75
1.699454,2.77973,1.75
1.694455,2.779852,1.75
1.689457,2.779974,1.75
1.684458,2.780097,1.75
1.67946,2.780219,1.75
1.674461,2.780341,1.75
1.669463,2.780463,1.75
1.664464,2.780586,1.75
1.659466,2.780708,1.75
1.654467,2.78083,1.75
1.649469,2.780952,1.75
1.64447,2.781075,1.75
1.639472,2.781197,1.75
1.634473,2.781319,1.75
1.629475,2.781441,1.75
1.624476,2.781564,1.75
1.619478,2.781686,1.75
1.614479,2.781808,1.75
1.609481,2.78193,1.75
1.604482,2.782053,1.75
1.599484,2.782175,1.75
1.594485,2.782297,1.75
1.589487,2.782419,1.75
1.584488,2.782542,1.75
1.57949,2.782664,1.75
1.574491,2.782786,1.75
1.569493,2.782908,1.75
1.564494,2.783031,1.75
1.559496,2.783153,1.75
1.554497,2.783275,1.75
1.549499,2.783397,1.75
1.5445,2.78352,1.75
1.539502,2.783642,1.75
1.534503,2.783764,1.75
1.529505,2.783886,1.75
1.524506,2.784009,1.75
1.519508,2.784131,1.75
1.514509,2.784253,1.75
1.509511,2.784375,1.75
1.504512,2.784498,1.75
1.499514,2.78462,1.75
1.494515,2.784742,1.75
1.489517,2.784864,1.75
1.484518,2.784987,1.75
1.47952,2.785109,1.75
1.474521,2.785231,1.75
1.469523,2.785353,1.75
1.464524,2.785476,1.75
1.459526,2.785598,1.75
1.454527,2.78572,1.75
1.449529,2.785842,1.75
1.44453,2.785965,1.75
1.439532,2.786087,1.75
1.434533,2.786209,1.75
1.429535,2.786331,1.75
1.424536,2.786454,1.75
1.419538,2.786576,1.75
1.414539,2.786698,1.75
1.409541,2.78682,2.5
1.404542,2.786943,2.5
1.399543,2.787065,2.5
1.394545,2.787187,2.5
1.389546,2.787309,2.5
1.384548,2.787432,2.5
1.379549,2.787554,2.5
1.374551,2.787676,2.5
1.369552,2.787798,2.5
1.364554,2.787921,2.5
1.359555,2.788043,2.5
1.354557,2.788165,2.5
1.349558,2.788287,2.5
1.34456,2.78841,2.5
1.339561,2.788532,2.5
1.334563,2.788654,2.5
1.329564,2.788776,2.5
1.324566,2.788899,2.5
1.319567,2.789021,2.5
1.314569,2.789143,2.5
1.30957,2.789265,2.5
1.304572,2.789388,2.5
1.299573,2.78951,2.5
1.294575,2.789632,2.5
1.289576,2.789754,2.5
1.284578,2.789877,2.5
1.279579,2.789999,2.5
1.274581,2.790121,2.5
1.269582,2.790243,2.5
1.264584,2.790366,2.5
1.259585,2.790488,2.5
1.254587,2.79061,2.5
1.249588,2.790732,2.5
1.24459,2.790855,2.5
1.239591,2.790977,2.5
1.234593,2.791099,2.5
1.229594,2.791221,2.5
1.224596,2.791343,2.5
1.219597,2.791466,2.5
1.214599,2.791588,2.5
1.2096,2.79171,2.5
1.204602,2.791832,2.5
1.199603,2.791955,2.5
1.194605,2.792077,2.5
1.189606,2.792199,2.5
1.184608,2.792321,2.5
1.179609,2.792444,2.5
1.174611,2.792566,2.5
1.169612,2.792688,2.5
1.164614,2.79281,2.5
1.159615,2.792933,2.5
1.154617,2.793055,2.5
1.149618,2.793177,2.5
1.14462,2.793299,2.5
1.139621,2.793422,2.5
1.134623,2.793544,2.5
1.129624,2.793666,2.5
1.124626,2.793788,2.5
1.119627,2.793911,2.5
1.114629,2.794033,2.5
1.10963,2.794155,2.5
1.104632,2.794277,2.5
1.099633,2.7944,2.5
1.094635,2.794522,2.5
1.089636,2.794644,2.5
1.084638,2.794766,2.5
1.079639,2.794889,2.5
1.074641,2.795011,2.5
1.069642,2.795133,2.5
1.064644,2.795255,2.5
1.059645,2.795378,2.5
1.054647,2.7955,2.5
1.049648,2.795622,2.5
1.04465,2.795744,2.5
1.039651,2.795867,2.5
1.034653,2.795989,2.5
1.029654,2.796111,2.5
1.024656,2.796233,2.5
1.019657,2.796356,2.5
1.014659,2.796478,2.5
1.00966,2.7966,2.5
1.004662,2.796722,2.5
0.999663,2.796845,2.5
0.994665,2.796967,2.5
0.989666,2.797089,2.5
0.984668,2.797211,2.5
0.979669,2.797334,2.5
0.974671,2.797456,2.5
0.969672,2.797578,2.5
0.964674,2.7977,2.5
0.959675,2.797823,2.5
0.954677,2.797945,2.5
0.949678,2.798067,2.5
0.94468,2.798189,2.5
0.939681,2.798312,2.5
0.934682,2.798434,2.5
0.929684,2.798556,2.5
0.924685,2.798678,2.5
0.919687,2.798801,2.5
0.914688,2.798923,2.5
0.90969,2.799045,2.5
0.904691,2.799167,2.5
0.899693,2.79929,2.5
0.894694,2.799412,2.5
0.889696,2.799534,2.5
0.884697,2.799656,2.5
0.879699,2.799779,2.5
0.8747,2.799901,2.5
0.869702,2.800023,2.5
0.864703,2.800145,2.5
0.859705,2.800268,2.5
0.854706,2.80039,2.5
0.849708,2.800512,2.5
0.844709,2.800634,2.5
0.839711,2.800757,2.5
0.834712,2.800879,2.5
0.829714,2.801001,2.5
0.824715,2.801123,2.5
0.819717,2.801246,2.5
0.814718,2.801368,2.5
0.80972,2.80149,2.5
0.804721,2.801612,2.5
0.799723,2.801735,2.5
0.794724,2.801857,2.5
0.789726,2.801979,2.5
0.784727,2.802101,2.5
0.779729,2.802224,2.5
0.77473,2.802346,2.5
0.769732,2.802468,2.5
0.764733,2.80259,2.5
0.759735,2.802713,2.5
0.754736,2.802835,2.5
0.749738,2.802957,2.5
0.744739,2.803079,2.5
0.739741,2.803202,2.5
0.734742,2.803324,2.5
0.729744,2.803446,2.5
0.724745,2.803568,2.5
0.719747,2.803691,2.5
0.714748,2.803813,2.5
0.70975,2.803935,2.5
0.704751,2.804057,2.5
0.699753,2.804179,2.5
0.694754,2.804302,2.5
0.689756,2.804424,2.5
0.684757,2.804546,2.5
0.679759,2.804668,2.5
0.67476,2.804791,2.5
0.669762,2.804913,2.5
0.664763,2.805035,2.5
0.659765,2.805157,2.5
0.654766,2.80528,2.5
0.649768,2.805402,2.5
0.644769,2.805524,2.5
0.639771,2.805646,2.5
0.634772,2.805769,2.5
0.629774,2.805891,2.5
0.624775,2.806013,2.5
0.619777,2.806135,2.5
0.614778,2.806258,2.5
0.60978,2.80638,2.5
0.604781,2.806502,2.5
0.599783,2.806624,2.5
0.594784,2.806747,2.5
0.589786,2.806869,2.5
0.584787,2.806991,2.5
0.579789,2.807113,2.5
0.57479,2.807236,2.5
0.569792,2.807358,2.5
0.564793,2.80748,2.5
0.559795,2.807602,2.5
0.554796,2.807725,2.5
0.549798,2.807847,2.5
0.544799,2.807969,2.5
0.539801,2.808091,2.5
0.534802,2.808214,2.5
0.529804,2.808336,2.5
0.524805,2.808458,2.5
0.519807,2.80858,2.5
0.514808,2.808703,2.5
0.50981,2.808825,2.5
0.504811,2.808947,2.5
0.499813,2.809069,2.5
0.494814,2.809192,2.5
0.489816,2.809314,2.5
0.484817,2.809436,2.5
0.479819,2.809558,2.5
0.47482,2.809681,2.5
0.469822,2.809803,2.5
0.464823,2.809925,2.5
0.459824,2.810047,2.5
0.454826,2.81017,2.5
0.449827,2.810292,2.5
0.444829,2.810414,2.5
0.43983,2.810536,2.5
0.434832,2.810659,2.5
0.429833,2.810781,2.5
0.424835,2.810903,2.5
0.419836,2.811025,2.5
0.414838,2.811148,2.5
0.409839,2.81127,2.5
0.404841,2.811392,2.5
0.399842,2.811514,2.5
0.394844,2.811637,2.5
0.389845,2.811759,2.5
0.384847,2.811881,2.5
0.379848,2.812003,2.5
0.37485,2.812126,2.5
0.369851,2.812248,2.5
0.364853,2.81237,2.5
0.359854,2.812492,2.5
0.354856,2.812615,2.5
0.349857,2.812737,2.5
0.344859,2.812859,2.5
0.33986,2.812981,2.5
0.334862,2.813104,2.5
0.329863,2.813226,2.5
0.324865,2.813348,2.5
0.319866,2.81347,2.5
0.314868,2.813593,2.5
0.309869,2.813715,2.5
0.304871,2.813837,2.5
0.299872,2.813959,2.5
0.294874,2.814082,2.5
0.289875,2.814204,2.5
0.284877,2.814326,2.5
0.279878,2.814448,2.5
0.27488,2.814571,2.5
0.269881,2.814693,2.5
0.264883,2.814815,2.5
0.259884,2.814937,2.5
0.254886,2.81506,2.5
0.249887,2.815182,2.5
0.244889,2.815304,2.5
0.23989,2.815426,2.5
0.234892,2.815549,2.5
0.229893,2.815671,2.5
0.224895,2.815793,2.5
0.219896,2.815915,2.5
0.214898,2.816038,2.5
0.209899,2.81616,2.5
0.204901,2.816282,2.5
0.199902,2.816404,2.5
0.194904,2.816527,2.5
0.189905,2.816649,2.5
0.184907,2.816771,2.5
0.179908,2.816893,2.5
0.17491,2.817015,2.5
0.169911,2.817138,2.5
0.164913,2.81726,2.5
0.159914,2.817382,2.5
0.154916,2.817504,2.5
0.149917,2.817627,2.5
0.144919,2.817749,2.5
0.13992,2.817871,2.5
0.134922,2.817993,2.5
0.129923,2.818116,2.5
0.124925,2.818238,2.5
0.119926,2.81836,2.5
0.114928,2.818482,2.5
0.109929,2.818605,2.5
0.104931,2.818727,2.5
0.099932,2.818849,2.5
0.094934,2.818971,2.5
0.089935,2.819094,2.5
0.084937,2.819216,2.5
0.079938,2.819338,2.5
0.07494,2.81946,2.5
0.069941,2.819583,2.5
0.064943,2.819705,2.5
0.059944,2.819827,2.5
0.054946,2.819949,2.5
0.049947,2.820072,2.5
0.044949,2.820194,2.5
0.03995,2.820316,2.5
0.034952,2.820438,2.5
0.029953,2.820561,2.5
0.024955,2.820683,2.5
0.019956,2.820805,2.5
0.014958,2.820927,2.5
0.009959,2.82105,2.5
0.004961,2.821172,2.5
-0.000038,2.821294,2.5
-0.005037,2.821416,2.5
-0.010035,2.821539,2.5
-0.015034,2.821661,2.5
-0.020032,2.821783,2.5
-0.025031,2.821905,2.5
-0.030029,2.822028,2.5
-0.035028,2.82215,2.5
-0.040026,2.822272,2.5
-0.045025,2.822394,2.5
-0.050023,2.822517,2.5
-0.055022,2.822639,2.5
-0.06002,2.822761,2.5
-0.065019,2.822883,2.5
-0.070017,2.823006,2.5
-0.075016,2.823128,2.5
-0.080014,2.82325,2.5
-0.085013,2.823372,2.5
-0.090011,2.823495,2.5
-0.09501,2.823617,2.5
-0.100008,2.823739,2.5
-0.105007,2.823861,2.5
-0.110005,2.823984,2.5
-0.115004,2.824106,2.5
-0.120002,2.824228,2.5
-0.125001,2.82435,2.5
-0.129999,2.824473,2.5
-0.134998,2.824595,2.5
-0.139996,2.824717,2.5
-0.144995,2.824839,2.5
-0.149993,2.824962,2.5
-0.154992,2.825084,2.5
-0.15999,2.825206,2.5
-0.164989,2.825328,2.5
-0.169987,2.825451,2.5
-0.17451,2.825561,2.5
-0.178173,2.825651,2.5
-0.181139,2.825723,2.5
-0.183541,2.825782,2.5
-0.185486,2.82583,2.5
-0.187062,2.825868,2.5
-0.188337,2.825899,2.5
-0.18937,2.825925,2.5
-0.190207,2.825945,2.5
-0.190884,2.825962,2.5
-0.191433,2.825975,2.5
-0.191877,2.825986,2.5
-0.192237,2.825995,2.5
-0.192528,2.826002,2.5
-0.192764,2.826008,2.5
-0.192955,2.826012,2.5
-0.19311,2.826016,2.5
-0.193235,2.826019,2.5
-0.193336,2.826022,2.5
-0.193418,2.826024,2.5
-0.193485,2.826025,2.5
-0.193539,2.826027,2.5
-0.193582,2.826028,2.5
-0.193618,2.826029,2.5
-0.193646,2.826029,2.5
-0.19367,2.82603,2.5
-0.193688,2.82603,2.5
-0.193704,2.826031,2.5
-0.193716,2.826031,2.5
-0.193726,2.826031,2.5
-0.193734,2.826031,2.5
-0.19374,2.826032,2.5
-0.193746,2.826032,2.5
-0.19375,2.826032,2.5
-0.193753,2.826032,2.5
-0.193756,2.826032,2.5
-0.193759,2.826032,2.5
-0.19376,2.826032,2.5
-0.193762,2.826032,2.5
-0.193763,2.826032,2.5
-0.193764,2.826032,2.5
-0.193765,2.826032,2.5
-0.193766,2.826032,2.5
-0.193767,2.826032,2.5
-0.193768,2.826032,2.5
-0.193887,2.826035,2.5
-0.194238,2.826044,2.5
-0.19481,2.826058,2.5
-0.195592,2.826077,2.5
-0.196575,2.826101,2.5
-0.197749,2.82613,2.5
-0.199104,2.826163,2.5
-0.200633,2.8262,2.5
-0.202327,2.826242,2.5
-0.204178,2.826287,2.5
-0.206179,2.826336,2.5
-0.208322,2.826388,2.5
-0.210601,2.826444,2.5
-0.213009,2.826503,2.5
-0.215541,2.826565,2.5
-0.218189,2.826629,2.5
-0.22095,2.826697,2.5
-0.223817,2.826767,2.5
-0.226785,2.82684,2.5
-0.22985,2.826915,2.5
-0.233006,2.826992,2.5
-0.236251,2.827071,2.5
-0.239579,2.827153,2.5
-0.242986,2.827236,2.5
-0.246469,2.827321,2.5
-0.250023,2.827408,2.5
-0.253647,2.827497,2.5
-0.257336,2.827587,2.5
-0.261087,2.827679,2.5
-0.264898,2.827772,2.5
-0.268765,2.827866,2.5
-0.272685,2.827962,2.5
-0.276658,2.828059,2.5
-0.280678,2.828158,2.5
-0.284746,2.828257,2.5
-0.288857,2.828358,2.5
-0.293011,2.828459,2.5
-0.297205,2.828562,2.5
-0.301437,2.828665,2.5
-0.305706,2.82877,2.5
-0.310009,2.828875,2.5
-0.314346,2.828981,2.5
-0.318714,2.829088,2.5
-0.323112,2.829196,2.5
-0.327538,2.829304,2.5
-0.331992,2.829413,2.5
-0.336471,2.829522,2.5
-0.340975,2.829632,2.5
-0.345503,2.829743,2.5
-0.350053,2.829854,2.5
-0.354625,2.829966,2.5
-0.359216,2.830079,2.5
-0.363827,2.830191,2.5
-0.368457,2.830305,2.5
-0.373104,2.830418,2.5
-0.377768,2.830532,2.5
-0.382447,2.830647,2.5
-0.387142,2.830762,2.5
-0.391852,2.830877,2.5
-0.396575,2.830992,2.5
-0.401311,2.831108,2.5
-0.406059,2.831224,2.5
-0.41082,2.831338,2.5
-0.415592,2.831447,2.5
-0.420375,2.831551,2.5
-0.425168,2.831645,2.5
-0.429972,2.831729,2.5
-0.434784,2.831799,2.5
-0.439606,2.831853,2.5
-0.444437,2.831889,2.5
-0.449276,2.831903,2.5
-0.454122,2.831896,2.5
-0.458976,2.831866,2.5
-0.463836,2.831813,2.5
-0.468703,2.831738,2.5
-0.473575,2.83164,2.5
-0.478454,2.83152,2.5
-0.483337,2.831376,2.5
-0.488225,2.83121,2.5
-0.493117,2.831021,2.5
-0.498014,2.830809,2.5
-0.502914,2.830574,2.5
-0.507349,2.830342,2.5
-0.510939,2.83014,2.5
-0.513847,2.829967,2.5
-0.516201,2.829823,2.5
-0.518107,2.829703,2.5
-0.51965,2.829605,2.5
-0.5209,2.829524,2.5
-0.521912,2.829458,2.5
-0.522732,2.829405,2.5
-0.523396,2.829361,2.5
-0.523933,2.829326,2.5
-0.524368,2.829297,2.5
-0.524721,2.829274,2.5
-0.525006,2.829256,2.5
-0.525237,2.82924,2.5
-0.525425,2.829228,2.5
-0.525576,2.829218,2.5
-0.525699,2.82921,2.5
-0.525798,2.829204,2.5
-0.525879,2.829198,2.5
-0.525944,2.829194,2.5
-0.525997,2.829191,2.5
-0.52604,2.829188,2.5
-0.526074,2.829186,2.5
-0.526102,2.829184,2.5
-0.526125,2.829182,2.5
-0.526143,2.829181,2.5
-0.526158,2.82918,2.5
-0.52617,2.829179,2.5
-0.52618,2.829179,2.5
-0.526188,2.829178,2.5
-0.526194,2.829178,2.5
-0.526199,2.829177,2.5
-0.526204,2.829177,2.5
-0.526207,2.829177,2.5
-0.52621,2.829177,2.5
-0.526212,2.829177,2.5
-0.526214,2.829177,2.5
-0.526215,2.829176,2.5
-0.526216,2.829176,2.5
-0.526217,2.829176,2.5
-0.526218,2.829176,2.5
-0.526219,2.829176,2.5
-0.52622,2.829176,2.5
-0.526221,2.829176,2.5
-0.526339,2.829168,2.5
-0.52669,2.829145,2.5
-0.527261,2.829108,2.5
-0.528042,2.829057,2.5
-0.529023,2.828993,2.5
-0.530195,2.828916,2.5
-0.531548,2.828827,2.5
-0.533074,2.828727,2.5
-0.534765,2.828616,2.5
-0.536613,2.828495,2.5
-0.53861,2.828365,2.5
-0.540749,2.828224,2.5
-0.543024,2.828075,2.5
-0.545428,2.827918,2.5
-0.547955,2.827752,2.5
-0.550599,2.827579,2.5
-0.553354,2.827399,2.5
-0.556216,2.827211,2.5
-0.559179,2.827017,2.5
-0.562238,2.826817,2.5
-0.565389,2.82661,2.5
-0.568628,2.826398,2.5
-0.571949,2.826181,2.5
-0.57535,2.825958,2.5
-0.578827,2.82573,2.5
-0.582375,2.825498,2.5
-0.585992,2.825261,2.5
-0.589674,2.82502,2.5
-0.593419,2.824774,2.5
-0.597222,2.824525,2.5
-0.601082,2.824272,2.5
-0.604996,2.824016,2.5
-0.608961,2.823756,2.5
-0.612974,2.823493,2.5
-0.617034,2.823228,2.5
-0.621138,2.822959,2.5
-0.625284,2.822687,2.5
-0.629471,2.822413,2.5
-0.633695,2.822136,2.5
-0.637956,2.821857,2.5
-0.642251,2.821576,2.5
-0.64658,2.821292,2.5
-0.65094,2.821007,2.5
-0.655329,2.820719,2.5
-0.659748,2.82043,2.5
-0.664193,2.820138,2.5
-0.668665,2.819846,2.5
-0.67316,2.819551,2.5
-0.67768,2.819255,2.5
-0.682222,2.818958,2.5
-0.686785,2.818659,2.5
-0.691368,2.818358,2.5
-0.695971,2.818057,2.5
-0.700592,2.817754,2.5
-0.70523,2.81745,2.5
-0.709885,2.817145,2.5
-0.714556,2.81684,2.5
-0.719243,2.816533,2.5
-0.723943,2.816225,2.5
-0.728658,2.815916,2.5
-0.733385,2.815606,2.5
-0.738125,2.815296,2.5
-0.742877,2.814984,2.5
-0.74764,2.814672,2.5
-0.752413,2.81436,2.5
-0.757198,2.814046,2.5
-0.761991,2.813732,2.5
-0.766794,2.813418,2.5
-0.771606,2.813103,2.5
-0.776427,2.812787,2.5
-0.781255,2.812471,2.5
-0.786091,2.812154,2.5
-0.790935,2.811836,2.5
-0.795785,2.811519,2.5
-0.800642,2.811201,2.5
-0.805505,2.810882,2.5
-0.810374,2.810563,2.5
-0.815249,2.810244,2.5
-0.820129,2.809924,2.5
-0.825015,2.809604,2.5
-0.829905,2.809284,2.5
-0.834801,2.808963,2.5
-0.8397,2.808642,2.5
-0.844604,2.808321,2.5
-0.849512,2.807999,2.5
-0.854424,2.807678,2.5
-0.859339,2.807356,2.5
-0.864259,2.807034,2.5
-0.869181,2.806711,2.5
-0.874106,2.806388,2.5
-0.879035,2.806066,2.5
-0.883966,2.805743,2.5
-0.888901,2.805419,2.5
-0.893838,2.805096,2.5
-0.898777,2.804772,2.5
-0.903719,2.804449,1.75
-0.908663,2.804125,1.75
-0.913609,2.803801,1.75
-0.918557,2.803477,1.75
-0.923507,2.803153,1.75
-0.928459,2.802828,1.75
-0.933413,2.802504,1.75
-0.938368,2.802179,1.75
-0.943325,2.801854,1.75
-0.948284,2.80153,1.75
-0.953244,2.801205,1.75
-0.958205,2.80088,1.75
-0.963168,2.800555,1.75
-0.968132,2.800229,1.75
-0.973098,2.799904,1.75
-0.978064,2.799579,1.75
-0.983031,2.799254,1.75
-0.988,2.798928,1.75
-0.992969,2.798603,1.75
-0.99794,2.798277,1.75
-1.002911,2.797951,1.75
-1.007883,2.797626,1.75
-1.012856,2.7973,1.75
-1.01783,2.796974,1.75
-1.022805,2.796648,1.75
-1.02778,2.796322,1.75
-1.032756,2.795996,1.75
-1.037732,2.79567,1.75
-1.04271,2.795344,1.75
-1.047687,2.795018,1.75
-1.052666,2.794692,1.75
-1.057644,2.794366,1.75
-1.062624,2.79404,1.75
-1.067603,2.793714,1.75
-1.072584,2.793388,1.75
-1.077564,2.793061,1.75
-1.082545,2.792735,1.75
-1.087527,2.792409,1.75
-1.092509,2.792082,1.75
-1.097491,2.791756,1.75
-1.102473,2.79143,1.75
-1.107456,2.791103,1.75
-1.112439,2.790777,1.75
-1.117423,2.790451,1.75
-1.122407,2.790124,1.75
-1.127391,2.789798,1.75
-1.132375,2.789471,1.75
-1.137359,2.789145,1.75
-1.142344,2.788818,1.75
-1.147329,2.788492,1.75
-1.152314,2.788165,1.75
-1.157299,2.787838,1.75
-1.162285,2.787512,1.75
-1.167271,2.787185,1.75
-1.172256,2.786859,1.75
-1.177243,2.786532,1.75
-1.182229,2.786206,1.75
-1.187215,2.785879,1.75
-1.192202,2.785552,1.75
-1.197188,2.785226,1.75
-1.202175,2.784899,1.75
-1.207162,2.784572,1.75
-1.212149,2.784246,1.75
-1.217136,2.783919,1.75
-1.222123,2.783592,1.75
-1.22711,2.783266,1.75
-1.232098,2.782939,1.75
-1.237085,2.782612,1.75
-1.242073,2.782286,1.75
-1.247061,2.781959,1.75
-1.252048,2.781632,1.75
-1.257036,2.781305,1.75
-1.262024,2.780979,1.75
-1.267012,2.780652,1.75
-1.272,2.780325,1.75
-1.276988,2.779998,1.75
-1.281976,2.779672,1.75
-1.286964,2.779345,1.75
-1.291953,2.779018,1.75
-1.296941,2.778692,1.75
-1.301929,2.778365,1.75
-1.306918,2.778038,1.75
-1.311906,2.777711,1.75
-1.316894,2.777384,1.75
-1.321883,2.777058,1.75
-1.326872,2.776731,1.75
-1.33186,2.776404,1.75
-1.336849,2.776077,1.75
-1.341837,2.775751,1.75
-1.346826,2.775424,1.75
-1.351815,2.775097,1.75
-1.356804,2.77477,1.75
-1.361792,2.774444,1.75
-1.366781,2.774117,1.75
-1.37177,2.77379,1.75
-1.376759,2.773463,1.75
-1.381748,2.773136,1.75
-1.386736,2.772809,1.75
-1.391725,2.77248,1.75
-1.396714,2.772145,1.75
-1.401702,2.771803,1.75
-1.406689,2.771452,1.75
-1.411675,2.771088,1.75
-1.416661,2.77071,1.75
-1.421645,2.770315,1.75
-1.426627,2.769899,1.75
-1.431608,2.769462,1.75
-1.436586,2.769,1.75
-1.441562,2.768515,1.75
-1.446536,2.768006,1.75
-1.451507,2.767474,1.75
-1.456476,2.766918,1.75
-1.461442,2.766338,1.75
-1.466405,2.765735,1.75
-1.471366,2.765108,1.75
-1.476323,2.764458,1.75
-1.481277,2.763784,1.75
-1.486228,2.763086,1.75
-1.491176,2.762366,1.75
-1.49612,2.761621,1.75
-1.501061,2.760853,1.75
-1.505997,2.760062,1.75
-1.51093,2.759247,1.75
-1.51586,2.758409,1.75
-1.520785,2.757547,1.75
-1.525706,2.756662,1.75
-1.530622,2.755754,1.75
-1.535534,2.754822,1.75
-1.540442,2.753867,1.75
-1.545346,2.752888,1.75
-1.550244,2.751887,1.75
-1.555138,2.750862,1.75
-1.560027,2.749814,1.75
-1.56491,2.748742,1.75
-1.569789,2.747648,1.75
-1.574662,2.74653,1.75
-1.579531,2.745389,1.75
-1.584393,2.744225,1.75
-1.58925,2.743038,1.75
-1.594101,2.741827,1.75
-1.598947,2.740594,1.75
-1.603786,2.739338,1.75
-1.608161,2.738182,1.75
-1.611699,2.737231,1.75
-1.614562,2.736453,1.75
-1.616879,2.735818,1.75
-1.618755,2.735301,1.75
-1.620274,2.73488,1.75
-1.621503,2.734539,1.75
-1.622499,2.734262,1.75
-1.623305,2.734038,1.75
-1.623957,2.733856,1.75
-1.624486,2.733708,1.75
-1.624914,2.733589,1.75
-1.625261,2.733493,1.75
-1.625541,2.733414,1.75
-1.625769,2.733351,1.75
-1.625953,2.7333,1.75
-1.626102,2.733258,1.75
-1.626222,2.733225,1.75
-1.62632,2.733197,1.75
-1.626399,2.733175,1.75
-1.626463,2.733157,1.75
-1.626515,2.733143,1.75
-1.626557,2.733131,1.75
-1.626591,2.733122,1.75
-1.626619,2.733114,1.75
-1.626641,2.733108,1.75
-1.626659,2.733103,1.75
-1.626674,2.733099,1.75
-1.626686,2.733095,1.75
-1.626695,2.733093,1.75
-1.626703,2.733091,1.75
-1.62671,2.733089,1.75
-1.626715,2.733087,1.75
-1.626834,2.733054,1.75
-1.627176,2.732959,1.75
-1.627731,2.732804,1.75
-1.628489,2.732593,1.75
-1.629439,2.732328,1.75
-1.630574,2.732011,1.75
-1.631883,2.731645,1.75
-1.633359,2.731231,1.75
-1.634992,2.73077,1.75
-1.636777,2.730266,1.75
-1.638704,2.729717,1.75
-1.640768,2.729126,1.75
-1.64296,2.728492,1.75
-1.645276,2.727818,1.75
-1.647707,2.727103,1.75
-1.65025,2.726349,1.75
-1.652897,2.725556,1.75
-1.655644,2.724726,1.75
-1.658486,2.723858,1.75
-1.661417,2.722954,1.75
-1.664433,2.722014,1.75
-1.66753,2.721039,1.75
-1.670703,2.720028,1.75
-1.673949,2.718983,1.75
-1.677263,2.717904,1.75
-1.680642,2.716791,1.75
-1.684082,2.715645,1.75
-1.68758,2.714466,1.75
-1.691133,2.713255,1.75
-1.694737,2.712012,1.75
-1.69839,2.710736,1.75
-1.702089,2.70943,1.75
-1.705831,2.708092,1.75
-1.709615,2.706724,1.75
-1.713436,2.705325,1.75
-1.717293,2.703896,1.75
-1.721185,2.702437,1.75
-1.725108,2.700948,1.75
-1.72906,2.69943,1.75
-1.733041,2.697883,1.75
-1.737047,2.696306,1.75
-1.741078,2.694702,1.75
-1.745131,2.693068,1.75
-1.749205,2.691407,1.75
-1.753298,2.689717,1.75
-1.75741,2.688,1.75
-1.761537,2.686256,1.75
-1.76568,2.684484,1.75
-1.769837,2.682685,1.75
-1.774007,2.680859,1.75
-1.778188,2.679006,1.75
-1.78238,2.677127,1.75
-1.78658,2.675221,1.75
-1.79079,2.67329,1.75
-1.795006,2.671332,1.75
-1.799229,2.669349,1.75
-1.803458,2.66734,1.75
-1.807691,2.665306,1.75
-1.811928,2.663247,1.75
-1.816168,2.661162,1.75
-1.82041,2.659053,1.75
-1.824654,2.656919,1.75
-1.828899,2.65476,1.75
-1.833144,2.652578,1.75
-1.837389,2.65037,1.75
-1.841632,2.648139,1.75
-1.845874,2.645884,1.75
-1.850114,2.643605,1.75
-1.854352,2.641303,1.75
-1.858586,2.638977,1.75
-1.862816,2.636627,1.75
-1.867042,2.634255,1.75
-1.871264,2.631859,1.75
-1.87548,2.629441,1.75
-1.879691,2.627,1.75
-1.883896,2.624536,1.75
-1.888095,2.622049,1.75
-1.892287,2.619541,1.75
-1.896472,2.617009,1.75
-1.90065,2.614456,1.75
-1.90482,2.611881,1.75
-1.908982,2.609284,1.75
-1.913135,2.606665,1.75
-1.91728,2.604025,1.75
-1.921416,2.601362,1.75
-1.925542,2.598679,1.75
-1.929659,2.595974,1.75
-1.933767,2.593248,1.75
-1.937864,2.590501,1.75
-1.941951,2.587733,1.75
-1.946028,2.584944,1.75
-1.950093,2.582135,1.75
-1.954148,2.579304,1.75
-1.958192,2.576454,1.75
-1.962224,2.573582,1.75
-1.966244,2.570691,1.75
-1.970253,2.567779,1.75
-1.97425,2.564847,1.75
-1.978234,2.561895,1.75
-1.982206,2.558923,1.75
-1.986166,2.555931,1.75
-1.990113,2.55292,1.75
-1.994046,2.549889,1.75
-1.997967,2.546839,1.75
-2.001875,2.543768,1.75
-2.005769,2.540679,1.75
-2.009649,2.537571,1.75
-2.013516,2.534443,1.75
-2.017369,2.531296,1.75
-2.021208,2.528131,1.75
-2.025033,2.524946,1.75
-2.028844,2.521743,1.75
-2.03264,2.518521,1.75
-2.036422,2.515281,1.75
-2.040189,2.512022,1.75
-2.043941,2.508744,1.75
-2.047678,2.505449,1.75
-2.051401,2.502135,1.75
-2.055108,2.498803,1.75
-2.0588,2.495453,1.75
-2.062476,2.492085,1.75
-2.066137,2.488699,1.75
-2.069783,2.485296,1.75
-2.073412,2.481875,1.75
-2.077026,2.478436,1.75
-2.080624,2.47498,1.75
-2.084206,2.471506,1.75
-2.087771,2.468016,1.75
-2.091321,2.464507,1.75
-2.094854,2.460982,1.75
-2.09837,2.45744,1.75
-2.10187,2.453881,1.75
-2.105354,2.450305,1.75
-2.10882,2.446712,1.75
-2.11227,2.443103,1.75
-2.115703,2.439477,1.75
-2.119119,2.435834,1.75
-2.122518,2.432176,1.75
-2.125899,2.428501,1.75
-2.129264,2.424809,1.75
-2.13261,2.421102,1.75
-2.13594,2.417378,1.75
-2.139252,2.413639,1.75
-2.142546,2.409884,1.75
-2.145822,2.406113,1.75
-2.149081,2.402326,1.75
-2.152322,2.398524,1.75
-2.155545,2.394706,1.75
-2.158749,2.390873,1.75
-2.161936,2.387024,1.75
-2.165105,2.38316,1.75
-2.168255,2.379282,1.75
-2.171387,2.375388,1.75
-2.1745,2.371479,1.75
-2.177595,2.367555,1.75
-2.180671,2.363617,1.75
-2.183729,2.359664,1.75
-2.186768,2.355697,1.75
-2.189788,2.351714,1.75
-2.192789,2.347718,1.75
-2.195771,2.343707,1.75
-2.198735,2.339682,1.75
-2.201679,2.335643,1.75
-2.204604,2.33159,1.75
-2.207509,2.327523,1.75
-2.210396,2.323443,1.75
-2.213263,2.319348,1.75
-2.216111,2.31524,1.75
-2.218939,2.311118,1.75
-2.221747,2.306983,1.75
-2.224536,2.302835,1.75
-2.227306,2.298673,1.75
-2.230055,2.294498,1.75
-2.232785,2.29031,1.75
-2.235494,2.286109,1.75
-2.238184,2.281896,1.75
-2.240854,2.277669,1.75
-2.243503,2.27343,1.75
-2.246133,2.269178,1.75
-2.248742,2.264914,1.75
-2.251331,2.260637,1.75
-2.2539,2.256349,1.75
-2.256448,2.252048,1.75
-2.258976,2.247734,1.75
-2.261483,2.243409,1.75
-2.26397,2.239072,1.75
-2.266436,2.234723,1.75
-2.268882,2.230363,1.75
-2.271307,2.225991,1.75
-2.273711,2.221607,1.75
-2.276094,2.217212,1.75
-2.278456,2.212806,1.75
-2.280798,2.208389,1.75
-2.283118,2.20396,1.75
-2.285417,2.19952,1.75
-2.287695,2.19507,1.75
-2.289952,2.190609,1.75
-2.292188,2.186137,1.75
-2.294403,2.181654,1.75
-2.296596,2.177162,1.75
-2.298768,2.172658,1.75
-2.300918,2.168145,1.75
-2.303047,2.163621,1.75
-2.305155,2.159087,1.75
-2.30724,2.154543,1.75
-2.309305,2.149989,1.75
-2.311347,2.145426,1.75
-2.313369,2.140853,1.75
-2.315368,2.13627,1.75
-2.317345,2.131678,1.75
-2.319301,2.127076,1.75
-2.321235,2.122466,1.75
-2.323146,2.117846,1.75
-2.325036,2.113217,1.75
-2.326904,2.108579,1.75
-2.32875,2.103932,1.75
-2.330573,2.099277,1.75
-2.332375,2.094613,1.75
-2.334154,2.08994,1.75
-2.335911,2.085259,1.75
-2.337646,2.08057,1.75
-2.339359,2.075873,1.75
-2.341049,2.071167,1.75
-2.342717,2.066454,1.75
-2.344362,2.061732,1.75
-2.345985,2.057003,1.75
-2.347586,2.052266,1.75
-2.349164,2.047522,1.75
-2.350719,2.04277,1.75
-2.352252,2.038011,1.75
-2.353762,2.033244,1.75
-2.35525,2.028471,1.75
-2.356715,2.02369,1.75
-2.358157,2.018903,1.75
-2.359576,2.014109,1.75
-2.360973,2.009308,1.75
-2.362347,2.0045,1.75
-2.363698,1.999686,1.75
-2.365026,1.994866,1.75
-2.366331,1.990039,1.75
-2.367613,1.985206,1.75
-2.368872,1.980368,1.75
-2.370108,1.975523,1.75
-2.371322,1.970672,1.75
-2.372511,1.965816,1.75
-2.373679,1.960954,1.75
-2.374822,1.956087,1.75
-2.375943,1.951214,1.75
-2.377041,1.946336,1.75
-2.378115,1.941453,1.75
-2.379166,1.936565,1.75
-2.380195,1.931672,1.75
-2.381199,1.926774,1.75
-2.382181,1.921871,1.75
-2.383139,1.916964,1.75
-2.384074,1.912052,1.75
-2.384985,1.907136,1.75
-2.385873,1.902215,1.75
-2.386738,1.897291,1.75
-2.38758,1.892362,1.75
-2.388403,1.88743,1.75
-2.389209,1.882496,1.75
-2.39,1.877559,1.75
-2.390779,1.87262,1.75
-2.391549,1.867679,1.75
-2.392311,1.862738,1.75
-2.393069,1.857796,1.75
-2.393824,1.852853,1.75
-2.394579,1.84791,1.75
-2.395334,1.842968,1.75
-2.396089,1.838025,1.75
-2.396843,1.833082,1.75
-2.397598,1.828139,1.75
-2.398353,1.823197,1.75
-2.399108,1.818254,1.75
-2.399863,1.813311,1.75
-2.400617,1.808369,1.75
-2.401372,1.803426,1.75
-2.402127,1.798483,1.75
-2.402882,1.793541,1.75
-2.403637,1.788598,1.75
-2.404391,1.783655,1.75
-2.405146,1.778713,1.75
-2.405901,1.77377,1.75
-2.406656,1.768827,1.75
-2.407411,1.763884,1.75
-2.408165,1.758942,1.75
-2.40892,1.753999,1.75
-2.409675,1.749056,1.75
-2.41043,1.744114,1.75
-2.411185,1.739171,1.75
-2.411939,1.734228,1.75
-2.412694,1.729286,1.75
-2.413449,1.724343,1.75
-2.414204,1.7194,1.75
-2.414959,1.714457,1.75
-2.415713,1.709515,1.75
-2.416468,1.704572,1.75
-2.417223,1.699629,1.75
-2.417978,1.694687,1.75
-2.418733,1.689744,1.75
-2.419487,1.684801,1.75
-2.420242,1.679859,1.75
-2.420997,1.674916,1.75
-2.421752,1.669973,1.75
-2.422507,1.665031,1.75
-2.423261,1.660088,1.75
-2.424016,1.655145,1.75
-2.424771,1.650202,1.75
-2.425526,1.64526,1.75
-2.426281,1.640317,1.75
-2.427035,1.635374,1.75
-2.42779,1.630432,1.75
-2.428545,1.625489,1.75
-2.4293,1.620546,1.75
-2.430055,1.615604,1.75
-2.430809,1.610661,1.75
-2.431564,1.605718,1.75
-2.432319,1.600775,1.75
-2.433074,1.595833,1.75
-2.433829,1.59089,1.75
-2.434583,1.585947,1.75
-2.435338,1.581005,1.75
-2.436093,1.576062,1.75
-2.436848,1.571119,1.75
-2.437603,1.566177,1.75
-2.438357,1.561234,1.75
-2.439112,1.556291,1.75
-2.439864,1.551348,1.75
-2.440611,1.546404,1.75
-2.441351,1.541459,1.75
-2.442081,1.536513,1.75
-2.4428,1.531565,1.75
-2.443503,1.526614,1.75
-2.44419,1.521662,1.75
-2.444857,1.516706,1.75
-2.445502,1.511748,1.75
-2.446122,1.506787,1.75
-2.44672,1.501823,1.75
-2.447294,1.496856,1.75
-2.447844,1.491886,1.75
-2.44837,1.486914,1.75
-2.448873,1.481939,1.75
-2.449352,1.476962,1.75
-2.449808,1.471983,1.75
-2.45024,1.467002,1.75
-2.450649,1.462019,1.75
-2.451033,1.457033,1.75
-2.451394,1.452046,1.75
-2.451731,1.447058,1.75
-2.452045,1.442068,1.75
-2.452335,1.437076,1.75
-2.452601,1.432083,1.75
-2.452843,1.427089,1.75
-2.453062,1.422094,1.75
-2.453257,1.417098,1.75
-2.453428,1.412101,1.75
-2.453575,1.407103,1.75
-2.453699,1.402104,1.75
-2.453799,1.397105,1.75
-2.453875,1.392106,1.75
-2.453928,1.387106,1.75
-2.453956,1.382106,1.75
-2.453961,1.377106,1.75
-2.453943,1.372106,1.75
-2.4539,1.367107,1.75
-2.453834,1.362107,1.75
-2.453743,1.357108,1.75
-2.45363,1.352109,1.75
-2.453492,1.347111,1.75
-2.453331,1.342114,1.75
-2.453145,1.337117,1.75
-2.452937,1.332121,1.75
-2.452704,1.327127,1.75
-2.452448,1.322133,1.75
-2.452168,1.317141,1.75
-2.451864,1.31215,1.75
-2.451537,1.307161,1.75
-2.451186,1.302174,1.75
-2.450811,1.297188,1.75
-2.450413,1.292204,1.75
-2.44999,1.287221,1.75
-2.449545,1.282241,1.75
-2.449075,1.277263,1.75
-2.448582,1.272288,1.75
-2.448065,1.267315,1.75
-2.447525,1.262344,1.75
-2.446961,1.257376,1.75
-2.446373,1.25241,1.75
-2.445762,1.247448,1.75
-2.445128,1.242488,1.75
-2.444469,1.237532,1.75
-2.443787,1.232579,1.75
-2.443082,1.227629,1.75
-2.442353,1.222682,1.75
-2.441601,1.217739,1.75
-2.440825,1.212799,1.75
-2.440025,1.207864,1.75
-2.439203,1.202932,1.75
-2.438357,1.198004,1.75
-2.437487,1.19308,1.75
-2.436594,1.188161,1.75
-2.435678,1.183245,1.75
-2.434738,1.178334,1.75
-2.433775,1.173428,1.75
-2.432789,1.168526,1.75
-2.43178,1.163629,1.75
-2.430747,1.158737,1.75
-2.429691,1.15385,1.75
-2.428611,1.148968,1.75
-2.427509,1.144091,1.75
-2.426383,1.139219,1.75
-2.425235,1.134353,1.75
-2.424063,1.129492,1.75
-2.422868,1.124637,1.75
-2.42165,1.119788,1.75
-2.420409,1.114944,1.75
-2.419145,1.110107,1.75
-2.417858,1.105275,1.75
-2.416548,1.10045,1.75
-2.415216,1.09563,1.75
-2.41386,1.090818,1.75
-2.412482,1.086012,1.75
-2.41108,1.081212,1.75
-2.409656,1.076419,1.75
-2.408209,1.071633,1.75
-2.40674,1.066854,1.75
-2.405247,1.062082,1.75
-2.403732,1.057317,1.75
-2.402195,1.052559,1.75
-2.400635,1.047809,1.75
-2.399052,1.043066,1.75
-2.397447,1.03833,1.75
-2.395819,1.033603,1.75
-2.394169,1.028883,1.75
-2.392496,1.024171,1.75
-2.390802,1.019467,1.75
-2.389084,1.014771,1.75
-2.387345,1.010084,1.75
-2.385583,1.005404,1.75
-2.383799,1.000733,1.75
-2.381993,0.996071,1.75
-2.380165,0.991417,1.75
-2.378314,0.986772,1.75
-2.376442,0.982136,1.75
-2.374547,0.977509,1.75
-2.372631,0.972891,1.75
-2.370692,0.968282,1.75
-2.368732,0.963682,1.75
-2.36675,0.959092,1.75
-2.364747,0.954511,1.75
-2.362721,0.949939,1.75
-2.360674,0.945378,1.75
-2.358605,0.940826,1.75
-2.356514,0.936284,1.75
-2.354402,0.931752,1.75
-2.352269,0.92723,1.75
-2.350114,0.922718,1.75
-2.347937,0.918217,1.75
-2.345739,0.913726,1.75
-2.34352,0.909245,1.75
-2.34128,0.904775,1.75
-2.339018,0.900316,1.75
-2.336736,0.895867,1.75
-2.334432,0.89143,1.75
-2.332107,0.887003,1.75
-2.329761,0.882588,1.75
-2.327394,0.878183,1.75
-2.325007,0.87379,1.75
-2.322598,0.869409,1.75
-2.320169,0.865038,1.75
-2.317718,0.86068,1.75
-2.315248,0.856333,1.75
-2.312756,0.851998,1.75
-2.310244,0.847675,1.75
-2.307711,0.843364,1.75
-2.305159,0.839065,1.75
-2.302585,0.834778,1.75
-2.299992,0.830503,1.75
-2.297378,0.826241,1.75
-2.294743,0.821991,1.75
-2.292089,0.817754,1.75
-2.289415,0.813529,1.75
-2.28672,0.809317,1.75
-2.284006,0.805118,1.75
-2.281271,0.800932,1.75
-2.278517,0.796759,1.75
-2.275743,0.792599,1.75
-2.272949,0.788453,1.75
-2.270136,0.784319,1.75
-2.267303,0.780199,1.75
-2.26445,0.776093,1.75
-2.261578,0.772,1.75
-2.258686,0.767921,1.75
-2.255776,0.763856,1.75
-2.252845,0.759804,1.75
-2.249896,0.755767,1.75
-2.246928,0.751743,1.75
-2.24394,0.747734,1.75
-2.240934,0.743739,1.75
-2.237908,0.739758,1.75
-2.234864,0.735792,1.75
-2.231801,0.73184,1.75
-2.228719,0.727903,1.75
-2.225618,0.72398,1.75
-2.222499,0.720073,1.75
-2.219361,0.71618,1.75
-2.216205,0.712302,1.75
-2.21303,0.708439,1.75
-2.209837,0.704591,1.75
-2.206626,0.700758,1.75
-2.203397,0.696941,1.75
-2.200149,0.693139,1.75
-2.196884,0.689353,1.75
-2.193601,0.685582,1.75
-2.190299,0.681827,1.75
-2.18698,0.678087,1.75
-2.183643,0.674364,1.75
-2.180289,0.670656,1.75
-2.176917,0.666964,1.75
-2.173527,0.663289,1.75
-2.17012,0.659629,1.75
-2.166696,0.655986,1.75
-2.163254,0.652359,1.75
-2.159796,0.648748,1.75
-2.15632,0.645154,1.75
-2.152827,0.641576,1.75
-2.149317,0.638015,1.75
-2.14579,0.634471,1.75
-2.142246,0.630944,1.75
-2.138686,0.627433,1.75
-2.135109,0.623939,1.75
-2.131516,0.620463,1.75
-2.127906,0.617003,1.75
-2.12428,0.613561,1.75
-2.120637,0.610136,1.75
-2.116978,0.606728,1.75
-2.113303,0.603338,1.75
-2.109612,0.599965,1.75
-2.105905,0.59661,1.75
-2.102182,0.593272,1.75
-2.098443,0.589953,1.75
-2.094688,0.58665,1.75
-2.090918,0.583366,1.75
-2.087133,0.5801,1.75
-2.083331,0.576852,1.75
-2.079515,0.573622,1.75
-2.075683,0.57041,1.75
-2.071836,0.567216,1.75
-2.067973,0.564041,1.75
-2.064096,0.560884,1.75
-2.060204,0.557745,1.75
-2.056297,0.554625,1.75
-2.052375,0.551524,1.75
-2.048439,0.54844,1.75
-2.044491,0.545372,1.75
-2.040532,0.542318,1.75
-2.036564,0.539275,1.75
-2.032589,0.536243,1.75
-2.028608,0.533217,1.75
-2.024623,0.530198,1.75
-2.020635,0.527182,1.75
-2.016645,0.524169,1.75
-2.012655,0.521156,1.75
-2.008665,0.518142,1.75
-2.004675,0.515129,1.75
-2.000685,0.512116,1.75
-1.996695,0.509103,1.75
-1.992705,0.506089,1.75
-1.988715,0.503076,1.75
-1.984725,0.500063,1.75
-1.980735,0.497049,1.75
-1.976745,0.494036,1.75
-1.972755,0.491023,1.75
-1.968765,0.48801,1.75
-1.964775,0.484996,1.75
-1.960785,0.481983,1.75
-1.956795,0.47897,1.75
-1.952805,0.475957,1.75
-1.948815,0.472943,1.75
-1.944824,0.46993,1.75
-1.940834,0.466917,1.75
-1.936844,0.463904,1.75
-1.932854,0.46089,1.75
-1.928864,0.457877,1.75
-1.924874,0.454864,1.75
-1.920884,0.451851,1.75
-1.916894,0.448837,1.75
-1.912904,0.445824,1.75
-1.908914,0.442811,1.75
-1.904924,0.439797,1.75
-1.900934,0.436784,1.75
-1.896944,0.433771,1.75
-1.892954,0.430758,1.75
-1.888964,0.427744,1.75
-1.884974,0.424731,1.75
-1.880984,0.421718,1.75
-1.876994,0.418705,1.75
-1.873004,0.415691,1.75
-1.869014,0.412678,1.75
-1.865024,0.409665,1.75
-1.861034,0.406652,1.75
-1.857044,0.403638,1.75
-1.853054,0.400625,1.75
-1.849064,0.397612,1.75
-1.845074,0.394599,1.75
-1.841082,0.391588,1.75
-1.837087,0.388581,1.75
-1.833088,0.385579,1.75
-1.829084,0.382586,1.75
-1.825071,0.379602,1.75
-1.82105,0.37663,1.75
-1.817019,0.373672,1.75
-1.812976,0.37073,1.75
-1.80892,0.367807,1.75
-1.80485,0.364902,1.75
-1.800767,0.362017,1.75
-1.796669,0.359152,1.75
-1.792558,0.356306,1.75
-1.788434,0.353479,1.75
-1.784296,0.350672,1.75
-1.780145,0.347885,1.75
-1.775981,0.345118,1.75
-1.771803,0.34237,1.75
-1.767613,0.339643,1.75
-1.763409,0.336935,1.75
-1.759193,0.334247,1.75
-1.754964,0.33158,1.75
-1.750723,0.328932,1.75
-1.746469,0.326305,1.75
-1.742202,0.323697,1.75
-1.737924,0.321111,1.75
-1.733633,0.318544,1.75
-1.729329,0.315998,1.75
-1.725014,0.313472,1.75
-1.720687,0.310967,1.75
-1.716348,0.308483,1.75
-1.711997,0.306019,1.75
-1.707635,0.303576,1.75
-1.703261,0.301153,1.75
-1.698875,0.298752,1.75
-1.694478,0.296371,1.75
-1.69007,0.294011,1.75
-1.685651,0.291672,1.75
-1.681221,0.289354,1.75
-1.676779,0.287058,1.75
-1.672327,0.284782,1.75
-1.667864,0.282528,1.75
-1.663391,0.280294,1.75
-1.658907,0.278083,1.75
-1.654412,0.275892,1.75
-1.649907,0.273723,1.75
-1.645392,0.271575,1.75
-1.640867,0.269449,1.75
-1.636331,0.267344,1.75
-1.631786,0.265261,1.75
-1.627231,0.263199,1.75
-1.622666,0.261159,1.75
-1.618091,0.259141,1.75
-1.613507,0.257144,1.75
-1.608914,0.255169,1.75
-1.604311,0.253217,1.75
-1.599699,0.251286,1.75
-1.595077,0.249377,1.75
-1.590447,0.24749,1.75
-1.585808,0.245625,1.75
-1.58116,0.243782,1.75
-1.576504,0.241961,1.75
-1.571838,0.240162,1.75
-1.567165,0.238386,1.75
-1.562482,0.236631,1.75
-1.557792,0.234899,1.75
-1.553093,0.233189,1.75
-1.548387,0.231502,1.75
-1.543672,0.229837,1.75
-1.53895,0.228195,1.75
-1.534219,0.226574,1.75
-1.529481,0.224977,1.75
-1.524736,0.223401,1.75
-1.519983,0.221849,1.75
-1.515223,0.220319,1.75
-1.510456,0.218812,1.75
-1.505681,0.217327,1.75
-1.5009,0.215865,1.75
-1.496111,0.214426,1.75
-1.491316,0.21301,1.75
-1.486514,0.211616,1.75
-1.481706,0.210245,1.75
-1.476891,0.208897,1.75
-1.47207,0.207572,1.75
-1.467242,0.20627,1.75
-1.462409,0.204991,1.75
-1.457569,0.203734,1.75
-1.452724,0.202501,1.75
-1.447872,0.201291,1.75
-1.443015,0.200104,1.75
-1.438153,0.19894,1.75
-1.433285,0.197799,1.75
-1.428411,0.196681,1.75
-1.423532,0.195586,1.75
-1.418649,0.194515,1.75
-1.41376,0.193467,1.75
-1.408866,0.192442,1.75
-1.403967,0.19144,1.75
-1.399064,0.190462,1.75
-1.394156,0.189507,1.75
-1.389244,0.188575,1.75
-1.384327,0.187666,1.75
-1.379406,0.186781,1.75
-1.374481,0.18592,1.75
-1.369551,0.185081,1.75
-1.364618,0.184266,1.75
-1.359681,0.183475,1.75
-1.354741,0.182707,1.75
-1.349796,0.181962,1.75
-1.344849,0.181242,1.75
-1.339898,0.180544,1.75
-1.334943,0.17987,1.75
-1.329986,0.17922,1.75
-1.325025,0.178593,1.75
-1.320062,0.17799,1.75
-1.315095,0.17741,1.75
-1.310126,0.176854,1.75
-1.305155,0.176322,1.75
-1.300181,0.175813,1.75
-1.295204,0.175328,1.75
-1.290226,0.174866,1.75
-1.285245,0.174428,1.75
-1.280262,0.174014,1.75
-1.275277,0.173624,1.75
-1.270291,0.173257,1.75
-1.265303,0.172914,1.75
-1.260313,0.172594,1.75
-1.255322,0.172299,1.75
-1.250329,0.172026,1.75
-1.245335,0.171778,1.75
-1.24034,0.171554,1.75
-1.235344,0.171353,1.75
-1.230347,0.171175,1.75
-1.22535,0.171016,1.75
-1.220352,0.170875,1.75
-1.215354,0.170749,1.75
-1.210355,0.170635,1.75
-1.205356,0.17053,1.75
-1.200357,0.170433,1.75
-1.195358,0.170341,1.75
-1.190359,0.170251,1.75
-1.185359,0.170161,1.75
-1.18036,0.170072,1.75
-1.175361,0.169982,1.75
-1.170362,0.169893,1.75
-1.165363,0.169803,1.75
-1.160363,0.169714,1.75
-1.155364,0.169625,1.75
-1.150365,0.169535,1.75
-1.145366,0.169446,1.75
-1.140367,0.169356,1.75
-1.135367,0.169267,1.75
-1.130368,0.169177,1.75
-1.125369,0.169088,1.75
-1.12037,0.168998,1.75
-1.115371,0.168909,1.75
-1.110371,0.168819,1.75
-1.105372,0.16873,1.75
-1.100373,0.16864,1.75
-1.095374,0.168551,1.75
-1.090375,0.168461,1.75
-1.085375,0.168372,1.75
-1.080376,0.168282,1.75
-1.075377,0.168193,1.75
-1.070378,0.168103,1.75
-1.065379,0.168014,1.75
-1.060379,0.167924,1.75
-1.05538,0.167835,1.75
-1.050381,0.167745,1.75
-1.045382,0.167656,1.75
-1.040383,0.167566,1.75
-1.035383,0.167477,1.75
-1.030384,0.167387,1.75
-1.025385,0.167298,1.75
-1.020386,0.167208,1.75
-1.015387,0.167119,1.75
-1.010387,0.16703,1.75
-1.005388,0.16694,1.75
-1.000389,0.166851,1.75
-0.99539,0.166761,2.5
-0.990391,0.166672,2.5
-0.985391,0.166582,2.5
-0.980392,0.166493,2.5
-0.975393,0.166403,2.5
-0.970394,0.166314,2.5
-0.965395,0.166224,2.5
-0.960395,0.166135,2.5
-0.955396,0.166045,2.5
-0.950397,0.165956,2.5
-0.945398,0.165866,2.5
-0.940399,0.165777,2.5
-0.935399,0.165687,2.5
-0.9304,0.165598,2.5
-0.925401,0.165508,2.5
-0.920402,0.165419,2.5
-0.915403,0.165329,2.5
-0.910403,0.16524,2.5
-0.905404,0.16515,2.5
-0.900405,0.165061,2.5
-0.895406,0.164971,2.5
-0.890407,0.164882,2.5
-0.885407,0.164792,2.5
-0.880408,0.164703,2.5
-0.875409,0.164614,2.5
-0.87041,0.164524,2.5
-0.865411,0.164435,2.5
-0.860411,0.164345,2.5
-0.855412,0.164256,2.5
-0.850413,0.164166,2.5
-0.845414,0.164077,2.5
-0.840415,0.163987,2.5
-0.835415,0.163898,2.5
-0.830416,0.163808,2.5
-0.825417,0.163719,2.5
-0.820418,0.163629,2.5
-0.815419,0.16354,2.5
-0.810419,0.16345,2.5
-0.80542,0.163361,2.5
-0.800421,0.163271,2.5
-0.795422,0.163182,2.5
-0.790423,0.163092,2.5
-0.785423,0.163003,2.5
-0.780424,0.162913,2.5
-0.775425,0.162824,2.5
-0.770426,0.162734,2.5
-0.765427,0.162645,2.5
-0.760427,0.162555,2.5
-0.755428,0.162466,2.5
-0.750429,0.162376,2.5
-0.74543,0.162287,2.5
-0.740431,0.162197,2.5
-0.735431,0.162108,2.5
-0.730432,0.162019,2.5
-0.725433,0.161929,2.5
-0.720434,0.16184,2.5
-0.715435,0.16175,2.5
-0.710435,0.161661,2.5
-0.705436,0.161571,2.5
-0.700437,0.161482,2.5
-0.695438,0.161392,2.5
-0.690439,0.161303,2.5
-0.685439,0.161213,2.5
-0.68044,0.161124,2.5
-0.675441,0.161034,2.5
-0.670442,0.160945,2.5
-0.665443,0.160855,2.5
-0.660443,0.160766,2.5
-0.655444,0.160676,2.5
-0.650445,0.160587,2.5
-0.645446,0.160497,2.5
-0.640447,0.160408,2.5
-0.635447,0.160318,2.5
-0.630448,0.160229,2.5
-0.625449,0.160139,2.5
-0.62045,0.16005,2.5
-0.615451,0.15996,2.5
-0.610451,0.159871,2.5
-0.605452,0.159781,2.5
-0.600453,0.159692,2.5
-0.595454,0.159602,2.5
-0.590455,0.159513,2.5
-0.585455,0.159424,2.5
-0.580456,0.159334,2.5
-0.575457,0.159245,2.5
-0.570458,0.159155,2.5
-0.565459,0.159066,2.5
-0.560459,0.158976,2.5
-0.55546,0.158887,2.5
-0.550461,0.158797,2.5
-0.545462,0.158708,2.5
-0.540463,0.158618,2.5
-0.535464,0.158529,2.5
-0.530464,0.158439,2.5
-0.525465,0.15835,2.5
-0.520466,0.15826,2.5
-0.515467,0.158171,2.5
-0.510468,0.158081,2.5
-0.505468,0.157992,2.5
-0.500469,0.157902,2.5
-0.49547,0.157813,2.5
-0.490471,0.157723,2.5
-0.485472,0.157634,2.5
-0.480472,0.157544,2.5
-0.475473,0.157455,2.5
-0.470474,0.157365,2.5
-0.465475,0.157276,2.5
-0.460476,0.157186,2.5
-0.455476,0.157097,2.5
-0.450477,0.157007,2.5
-0.445478,0.156918,2.5
-0.440479,0.156829,2.5
-0.43548,0.156739,2.5
-0.43048,0.15665,2.5
-0.425481,0.15656,2.5
-0.420482,0.156471,2.5
-0.415483,0.156381,2.5
-0.410484,0.156292,2.5
-0.405484,0.156202,2.5
-0.400485,0.156113,2.5
-0.395486,0.156023,2.5
-0.390487,0.155934,2.5
-0.385488,0.155844,2.5
-0.380488,0.155755,2.5
-0.375489,0.155665,2.5
-0.37049,0.155576,2.5
-0.365491,0.155486,2.5
-0.360492,0.155397,2.5
-0.355492,0.155307,2.5
-0.350493,0.155218,2.5
-0.345494,0.155128,2.5
-0.340495,0.155039,2.5
-0.335496,0.154949,2.5
-0.330496,0.15486,2.5
-0.325497,0.15477,2.5
-0.320498,0.154681,2.5
-0.315499,0.154591,2.5
-0.3105,0.154502,2.5
-0.3055,0.154412,2.5
-0.300501,0.154323,2.5
-0.295502,0.154234,2.5
-0.290503,0.154144,2.5
-0.285504,0.154055,2.5
-0.280504,0.153965,2.5
-0.275505,0.153876,2.5
-0.270506,0.153786,2.5
-0.265507,0.153697,2.5
-0.260508,0.153607,2.5
-0.255508,0.153518,2.5
-0.250509,0.153428,2.5
-0.24551,0.153339,2.5
-0.240511,0.153249,2.5
-0.235512,0.15316,2.5
-0.230512,0.15307,2.5
-0.225513,0.152981,2.5
-0.220514,0.152891,2.5
-0.215515,0.152802,2.5
-0.210516,0.152712,2.5
-0.205516,0.152623,2.5
-0.200517,0.152533,2.5
-0.195518,0.152444,2.5
-0.190519,0.152354,2.5
-0.18552,0.152265,2.5
-0.18052,0.152175,2.5
-0.175521,0.152086,2.5
-0.170522,0.151996,2.5
-0.165523,0.151907,2.5
-0.160524,0.151817,2.5
-0.155524,0.151728,2.5
-0.150525,0.151639,2.5
-0.145526,0.151549,2.5
-0.140527,0.15146,2.5
-0.135528,0.15137,2.5
-0.130528,0.151281,2.5
-0.125529,0.151191,2.5
-0.12053,0.151102,2.5
-0.115531,0.151012,2.5
-0.110532,0.150923,2.5
-0.105532,0.150833,2.5
-0.100533,0.150744,2.5
-0.095534,0.150654,2.5
-0.090535,0.150565,2.5
-0.085536,0.150475,2.5
-0.080536,0.150386,2.5
-0.075537,0.150296,2.5
-0.070538,0.150207,2.5
-0.065539,0.150117,2.5
-0.06054,0.150028,2.5
-0.05554,0.149938,2.5
-0.050541,0.149849,2.5
-0.045542,0.149759,2.5
-0.040543,0.14967,2.5
-0.035544,0.14958,2.5
-0.030544,0.149491,2.5
-0.025545,0.149401,2.5
-0.020546,0.149312,2.5
-0.015547,0.149223,2.5
-0.010548,0.149133,2.5
-0.005548,0.149044,2.5
-0.000549,0.148954,2.5
0.00445,0.148865,2.5
0.009449,0.148775,2.5
0.014448,0.148686,2.5
0.019448,0.148596,2.5
0.024447,0.148507,2.5
0.029446,0.148417,2.5
0.034445,0.148328,2.5
0.039444,0.148238,2.5
0.044444,0.148149,2.5
0.049443,0.148059,2.5
0.054442,0.14797,2.5
0.059441,0.14788,2.5
0.06444,0.147791,2.5
0.06944,0.147701,2.5
0.074439,0.147612,2.5
0.079438,0.147522,2.5
0.084437,0.147433,2.5
0.089436,0.147343,2.5
0.094436,0.147254,2.5
0.099435,0.147164,2.5
0.104434,0.147075,2.5
0.109433,0.146985,2.5
0.114432,0.146896,2.5
0.119432,0.146806,2.5
0.124431,0.146717,2.5
0.12943,0.146628,2.5
0.134429,0.146538,2.5
0.139428,0.146449,2.5
0.144428,0.146359,2.5
0.149427,0.14627,2.5
0.154426,0.14618,2.5
0.159425,0.146091,2.5
0.164424,0.146001,2.5
0.169424,0.145912,2.5
0.174423,0.145822,2.5
0.179422,0.145733,2.5
0.184421,0.145643,2.5
0.18942,0.145554,2.5
0.19442,0.145464,2.5
0.199419,0.145375,2.5
0.204418,0.145285,2.5
0.209417,0.145196,2.5
0.214416,0.145106,2.5
0.219416,0.145017,2.5
0.224415,0.144927,2.5
0.229414,0.144838,2.5
0.234413,0.144748,2.5
0.239412,0.144659,2.5
0.244412,0.144569,2.5
0.249411,0.14448,2.5
0.25441,0.14439,2.5
0.259409,0.144301,2.5
0.264408,0.144211,2.5
0.269408,0.144122,2.5
0.274407,0.144033,2.5
0.279406,0.143943,2.5
0.284405,0.143854,2.5
0.289404,0.143764,2.5
0.294404,0.143675,2.5
0.299403,0.143585,2.5
0.304402,0.143496,2.5
0.309401,0.143406,2.5
0.3144,0.143317,2.5
0.3194,0.143227,2.5
0.324399,0.143138,2.5
0.329398,0.143048,2.5
0.334397,0.142959,2.5
0.339396,0.142869,2.5
0.344396,0.14278,2.5
0.349395,0.14269,2.5
0.354394,0.142601,2.5
0.359393,0.142511,2.5
0.364392,0.142422,2.5
0.369392,0.142332,2.5
0.374391,0.142243,2.5
0.37939,0.142153,2.5
0.384389,0.142064,2.5
0.389388,0.141974,2.5
0.394388,0.141885,2.5
0.399387,0.141795,2.5
0.404386,0.141706,2.5
0.409385,0.141616,2.5
0.414384,0.141527,2.5
0.419384,0.141438,2.5
0.424383,0.141348,2.5
0.429382,0.141259,2.5
0.434381,0.141169,2.5
0.43938,0.14108,2.5
0.44438,0.14099,2.5
0.449379,0.140901,2.5
0.454378,0.140811,2.5
0.459377,0.140722,2.5
0.464376,0.140632,2.5
0.469376,0.140543,2.5
0.474375,0.140453,2.5
0.479374,0.140364,2.5
0.484373,0.140274,2.5
0.489372,0.140185,2.5
0.494372,0.140095,2.5
0.498895,0.140014,2.5
0.502559,0.139949,2.5
0.505525,0.139896,2.5
0.507928,0.139853,2.5
0.509873,0.139818,2.5
0.511448,0.13979,2.5
0.512724,0.139767,2.5
0.513757,0.139748,2.5
0.514594,0.139733,2.5
0.515271,0.139721,2.5
0.51582,0.139711,2.5
0.516264,0.139703,2.5
0.516624,0.139697,2.5
0.516915,0.139692,2.5
0.517151,0.139688,2.5
0.517342,0.139684,2.5
0.517497,0.139681,2.5
0.517622,0.139679,2.5
0.517724,0.139677,2.5
0.517806,0.139676,2.5
0.517873,0.139675,2.5
0.517926,0.139674,2.5
0.51797,0.139673,2.5
0.518005,0.139672,2.5
0.518034,0.139672,2.5
0.518057,0.139671,2.5
0.518076,0.139671,2.5
0.518091,0.139671,2.5
0.518103,0.13967,2.5
0.518113,0.13967,2.5
0.518121,0.13967,2.5
0.518128,0.13967,2.5
0.518133,0.13967,2.5
0.518138,0.13967,2.5
0.518141,0.13967,2.5
0.518144,0.13967,2.5
0.518146,0.13967,2.5
0.518148,0.13967,2.5
0.518149,0.13967,2.5
0.518151,0.13967,2.5
0.518152,0.13967,2.5
0.518153,0.13967,2.5
0.518154,0.13967,2.5
0.518155,0.13967,2.5
0.518156,0.13967,2.5
0.518275,0.139667,2.5
0.518626,0.139661,2.5
0.519198,0.139651,2.5
0.51998,0.139637,2.5
0.520963,0.139619,2.5
0.522137,0.139598,2.5
0.523493,0.139574,2.5
0.525022,0.139547,2.5
0.526716,0.139516,2.5
0.528567,0.139483,2.5
0.530568,0.139447,2.5
0.532712,0.139409,2.5
0.534991,0.139368,2.5
0.537399,0.139325,2.5
0.539931,0.13928,2.5
0.54258,0.139232,2.5
0.545341,0.139183,2.5
0.548208,0.139132,2.5
0.551177,0.139078,2.5
0.554242,0.139024,2.5
0.5574,0.138967,2.5
0.560644,0.138909,2.5
0.563973,0.138849,2.5
0.56738,0.138788,2.5
0.570863,0.138726,2.5
0.574419,0.138662,2.5
0.578043,0.138598,2.5
0.581732,0.138532,2.5
0.585484,0.138464,2.5
0.589295,0.138396,2.5
0.593163,0.138327,2.5
0.597084,0.138257,2.5
0.601057,0.138186,2.5
0.605078,0.138114,2.5
0.609146,0.138041,2.5
0.613258,0.137967,2.5
0.617413,0.137893,2.5
0.621607,0.137818,2.5
0.62584,0.137742,2.5
0.630109,0.137666,2.5
0.634413,0.137589,2.5
0.63875,0.137511,2.5
0.643119,0.137433,2.5
0.647517,0.137354,2.5
0.651944,0.137275,2.5
0.656398,0.137195,2.5
0.660879,0.137115,2.5
0.665383,0.137037,2.5
0.669912,0.136962,2.5
0.674463,0.136893,2.5
0.679035,0.136832,2.5
0.683628,0.13678,2.5
0.68824,0.136741,2.5
0.692871,0.136717,2.5
0.69752,0.13671,2.5
0.702185,0.136722,2.5
0.706866,0.136755,2.5
0.711562,0.136809,2.5
0.716272,0.136885,2.5
0.720995,0.136981,2.5
0.725731,0.1371,2.5
0.730479,0.137239,2.5
0.735238,0.137402,2.5
0.740008,0.137585,2.5
0.744788,0.137791,2.5
0.749576,0.138019,2.5
0.754374,0.13827,2.5
0.75918,0.138543,2.5
0.763993,0.138839,2.5
0.768813,0.139157,2.5
0.77364,0.139498,2.5
0.778473,0.139861,2.5
0.783311,0.140248,2.5
0.788154,0.140657,2.5
0.793002,0.14109,2.5
0.797855,0.141545,2.5
0.802711,0.142024,2.5
0.80757,0.142525,2.5
0.812433,0.14305,2.5
0.817298,0.143598,2.5
0.822166,0.144169,2.5
0.827035,0.144764,2.5
0.831906,0.145382,2.5
0.836779,0.146022,2.5
0.841652,0.146687,2.5
0.846526,0.147373,2.5
0.851401,0.148079,2.5
0.856278,0.148803,2.5
0.861155,0.14954,2.5
0.866034,0.15029,2.5
0.870914,0.15105,2.5
0.875796,0.151818,2.5
0.88068,0.15259,2.5
0.885567,0.153366,2.5
0.890455,0.154142,2.5
0.895346,0.154918,2.5
0.90024,0.155695,2.5
0.905135,0.156472,2.5
0.910033,0.157249,2.5
0.914932,0.158027,2.5
0.919833,0.158805,2.5
0.924736,0.159584,2.5
0.929641,0.160362,2.5
0.934547,0.161141,2.5
0.939455,0.16192,2.5
0.944364,0.162699,2.5
0.949275,0.163479,2.5
0.954187,0.164259,2.5
0.9591,0.165039,2.5
0.964014,0.165819,2.5
0.96893,0.166599,2.5
0.973846,0.16738,2.5
0.978764,0.16816,2.5
0.983682,0.168941,2.5
0.988602,0.169722,2.5
0.993522,0.170503,2.5
0.998443,0.171284,2.5
1.003365,0.172066,2.5
1.008288,0.172847,2.5
1.013212,0.173629,2.5
1.018136,0.174411,2.5
1.023061,0.175192,2.5
1.027986,0.175974,2.5
1.032913,0.176756,2.5
1.037839,0.177538,2.5
1.042767,0.178321,2.5
1.047694,0.179103,2.5
1.052623,0.179885,2.5
1.057551,0.180668,2.5
1.06248,0.18145,2.5
1.06741,0.182233,2.5
1.07234,0.183015,2.5
1.07727,0.183798,2.5
1.082201,0.184581,2.5
1.087132,0.185363,2.5
1.092064,0.186146,2.5
1.096996,0.186929,2.5
1.101928,0.187712,2.5
1.10686,0.188495,2.5
1.111793,0.189278,2.5
1.116726,0.190061,2.5
1.121659,0.190844,2.5
1.126592,0.191628,2.5
1.131526,0.192411,2.5
1.13646,0.193194,2.5
1.141394,0.193977,2.5
1.146328,0.194761,2.5
1.151262,0.195544,2.5
1.156197,0.196327,2.5
1.161132,0.197111,2.5
1.166067,0.197894,2.5
1.171002,0.198677,2.5
1.175937,0.199461,2.5
1.180872,0.200244,2.5
1.185808,0.201028,2.5
1.190743,0.201811,2.5
1.195679,0.202595,2.5
1.200615,0.203378,2.5
1.205551,0.204162,2.5
1.210487,0.204946,2.5
1.215423,0.205729,2.5
1.22036,0.206513,2.5
1.225296,0.207296,2.5
1.230232,0.20808,2.5
1.235169,0.208864,2.5
1.240105,0.209647,2.5
1.245042,0.210431,2.5
1.249979,0.211215,2.5
1.254916,0.211998,2.5
1.259853,0.212782,2.5
1.26479,0.213566,2.5
1.269727,0.21435,2.5
1.274664,0.215133,2.5
1.279601,0.215917,2.5
1.284538,0.216701,2.5
1.289475,0.217485,2.5
1.294412,0.218268,2.5
1.29935,0.219052,2.5
1.304287,0.219836,2.5
1.309224,0.22062,2.5
1.314162,0.221404,2.5
1.319099,0.222187,2.5
1.324037,0.222971,2.5
1.328974,0.223755,2.5
1.333912,0.224539,2.5
1.338849,0.225323,2.5
1.343787,0.226106,2.5
1.348725,0.22689,2.5
1.353662,0.227674,2.5
1.3586,0.228458,2.5
1.363538,0.229242,2.5
1.368475,0.230026,2.5
1.373413,0.23081,2.5
1.378351,0.231593,2.5
1.383289,0.232377,2.5
1.388226,0.233161,2.5
1.393164,0.233945,2.5
1.398102,0.234729,2.5
1.40304,0.235513,2.5
1.407978,0.236297,2.5
1.412916,0.23708,2.5
1.417854,0.237864,2.5
1.422792,0.238648,2.5
1.427729,0.239432,2.5
1.432667,0.240216,2.5
1.437605,0.241,2.5
1.442543,0.241784,2.5
1.447481,0.242568,2.5
1.45195,0.243277,2.5
1.455568,0.243851,2.5
1.458498,0.244317,2.5
1.460871,0.244693,2.5
1.462793,0.244998,2.5
1.464349,0.245245,2.5
1.465609,0.245445,2.5
1.46663,0.245607,2.5
1.467456,0.245739,2.5
1.468125,0.245845,2.5
1.468667,0.245931,2.5
1.469106,0.246,2.5
1.469461,0.246057,2.5
1.469749,0.246103,2.5
1.469982,0.24614,2.5
1.470171,0.246169,2.5
1.470324,0.246194,2.5
1.470447,0.246213,2.5
1.470548,0.246229,2.5
1.470629,0.246242,2.5
1.470694,0.246253,2.5
1.470748,0.246261,2.5
1.470791,0.246268,2.5
1.470826,0.246273,2.5
1.470854,0.246278,2.5
1.470877,0.246282,2.5
1.470895,0.246284,2.5
1.47091,0.246287,2.5
1.470923,0.246289,2.5
1.470932,0.24629,2.5
1.47094,0.246292,2.5
1.470947,0.246293,2.5
1.470952,0.246293,2.5
1.470956,0.246294,2.5
1.47096,0.246295,2.5
1.470962,0.246295,2.5
1.470965,0.246296,2.5
1.470967,0.246296,2.5
1.470968,0.246296,2.5
1.470969,0.246296,2.5
1.47097,0.246296,2.5
1.470971,0.246296,2.5
1.470972,0.246297,2.5
1.470973,0.246297,2.5
1.470974,0.246297,2.5
